Time,Stellar mass,Stellar radius,Planet 1 mass,Planet 1 radius,Planet 1 semi maj,Planet 1 ecc,Planet 1 inclination,Planet 1 Omega,Planet 1 omega,Planet 2 mass,Planet 2 radius,Planet 2 semi maj,Planet 2 ecc,Planet 2 inclination,Planet 2 Omega,Planet 2 omega,Planet 3 mass,Planet 3 radius,Planet 3 semi maj,Planet 3 ecc,Planet 3 inclination,Planet 3 Omega,Planet 3 omega,Planet 4 mass,Planet 4 radius,Planet 4 semi maj,Planet 4 ecc,Planet 4 inclination,Planet 4 Omega,Planet 4 omega,Planet 5 mass,Planet 5 radius,Planet 5 semi maj,Planet 5 ecc,Planet 5 inclination,Planet 5 Omega,Planet 5 omega,N pairs:1-2,N pairs:2-3,N pairs:3-4,N pairs:4-5,1 Planets,2 Planets,3 Planets,4 Planets,5 Planets
0.0,0.808,0.803,5.174017902308282e-05,0.018186491441837992,0.04213568261636785,0.09449614107583278,0.0557995387573134,1.8881302056054912,2.3603094827627906,7.095822611097138e-06,0.017166182409001335,0.08170842892072035,0.05825644086703611,0.0038700375577352293,1.9559743855134455,2.862369469803781,1.6664557231019473e-05,0.014869087926287864,0.16078405335953236,0.055867529778553464,0.05053339925050985,-1.2024091592121582,5.084411755819367,6.790112085901348e-05,0.021100872271174135,0.3347514324448997,0.05725320628230013,0.0286527049433872,2.352422610957821,0.2684935574610323,1.5305918073416412e-05,0.01830146030314089,0.6324578828460504,0.031162347498336906,0.004700764708728183,-1.1302885986988627,0.455259851183472,0.04470736545337983,0.015738605542873693,0.002181278338410555,0.0013025536289563377,0.05001751618242365,0.01981755078020882,0.023478439413460506,0.0027336815532482744,0.0009219882598432427
100.01000100010002,0.808,0.803,5.174017902308282e-05,0.018186491441837992,0.04213587822748578,0.09578297100992696,0.05448349296239712,1.747203064201026,2.605218389250794,7.095822611097138e-06,0.017166182409001335,0.08170553579811822,0.03764786840451268,0.026315444621665143,2.947014242073463,1.9347380969762735,1.6664557231019473e-05,0.014869087926287864,0.16084514409566628,0.061824251283763454,0.050650379640310404,-1.48156333293547,5.112327009332437,6.790112085901348e-05,0.021100872271174135,0.3346892425415978,0.05594025310346366,0.02785677804512178,2.2937396947676887,0.30347729080866337,1.5305918073416412e-05,0.01830146030314089,0.6324723297095347,0.03097696853220658,0.0051285625251486,-1.3564173167237001,0.7652874060816384,0.04481685365630731,0.013108841689199846,0.002264702963786863,0.0013319844792349738,0.04721079474832333,0.025227278893991407,0.019885475704113365,0.0038027150452862126,0.0006080536153568739
200.02000200020004,0.808,0.803,5.174017902308282e-05,0.018186491441837992,0.042135905506922866,0.0960341385754721,0.05062930462867967,1.632472490947451,2.8338939182263587,7.095822611097138e-06,0.017166182409001335,0.08170630240028864,0.024316853902742904,0.048112072445367214,2.6068306546414988,1.823902667850339,1.6664557231019473e-05,0.014869087926287864,0.16097027530219,0.06311507979665511,0.05211261402618167,-1.7497519137386164,5.212514663867608,6.790112085901348e-05,0.021100872271174135,0.33454851330714497,0.05391268924599754,0.026902360821238067,2.2415328197811335,0.3403369182768641,1.5305918073416412e-05,0.01830146030314089,0.6325029452241187,0.031131501196101335,0.005684081989547661,-1.5460140767804065,1.0347494429372635,0.04526191397399629,0.008962964916492046,0.0023356087022738357,0.001368509342075725,0.04226746138067113,0.033082528555592704,0.016839279285448597,0.0037692433601496742,0.00029985103672192093
300.03000300030004,0.808,0.803,5.174017902308282e-05,0.018186491441837992,0.04213588367874777,0.09485903019595103,0.045533378665654656,1.5661957464376381,3.0158387097978956,7.095822611097138e-06,0.017166182409001335,0.08170401873345054,0.034474903160164126,0.06401625456328293,2.221040977402848,1.686839073701634,1.6664557231019473e-05,0.014869087926287864,0.16086396054608781,0.07535212141879342,0.05637033113196791,-2.0193628071147876,5.431692954230875,6.790112085901348e-05,0.021100872271174135,0.3346654852308168,0.05373486858612161,0.02584627561562143,2.183876102444478,0.3472722469190055,1.5305918073416412e-05,0.01830146030314089,0.6324848030274745,0.031220363877196827,0.0063271202291000014,-1.705288495559486,1.2744192428066796,0.04564082145196098,0.0069630826186479425,0.002346128686136567,0.0014079624307681725,0.03741764687514848,0.03984852624497396,0.014325041335232318,0.003775378387688198,7.896747570168561e-05
400.0400040004001,0.808,0.803,5.174017902308282e-05,0.018186491441837992,0.04213619786633311,0.09230941597986676,0.041310211765455,1.5600214422414387,3.1330955036578363,7.095822611097138e-06,0.017166182409001335,0.0817009121618776,0.054072324458437244,0.07129566595049683,1.833875967289359,2.112591928041841,1.6664557231019473e-05,0.014869087926287864,0.16081683317448872,0.0863706317147434,0.06148402187633933,-2.271799211688664,5.6305137119540785,6.790112085901348e-05,0.021100872271174135,0.33471490331988446,0.052260872925955486,0.024617121509514322,2.131409064597433,0.335323789741504,1.5305918073416412e-05,0.01830146030314089,0.6325033639033093,0.031453595904885695,0.007017537511622412,-1.8388358349493306,1.4863305068527648,0.04582781855777565,0.00603170621584795,0.002340907722508664,0.0014571070009065997,0.032691042863100754,0.04713074884050338,0.010966042136514906,0.00395313755220932,1.1765350745873704e-06
500.0500050005001,0.808,0.803,5.174017902308282e-05,0.018186491441837992,0.04213598265626435,0.08907217053298513,0.039695605486090864,1.5902675140165814,3.203088121092793,7.095822611097138e-06,0.017166182409001335,0.08170202790327045,0.07086839895433988,0.06818023218761435,1.4415244369521258,2.7353410797410778,1.6664557231019473e-05,0.014869087926287864,0.16097249231375077,0.09127989423630518,0.06628893872827883,-2.5107352469084754,5.7970019732762825,6.790112085901348e-05,0.021100872271174135,0.3345468356886989,0.048024244953017416,0.02319214195788912,2.0897402765208777,0.33330421125169174,1.5305918073416412e-05,0.01830146030314089,0.63250618435238,0.03190195520352599,0.007731597831335546,-1.9517810181232942,1.6773433219323728,0.04592384714477804,0.0057464472737969174,0.0023486718023288844,0.0015215682844085725,0.030648725096977573,0.04947602143853822,0.010226046239442413,0.0038581789469026573,0.0
600.0600060006001,0.808,0.803,5.174017902308282e-05,0.018186491441837992,0.0421359733423252,0.08593006987387158,0.040606694508909504,1.5962798601188548,3.2825375137395283,7.095822611097138e-06,0.017166182409001335,0.08170477827493006,0.08164899569391175,0.05545741427441552,1.0313678710547076,3.4384990016016035,1.6664557231019473e-05,0.014869087926287864,0.16076879085311585,0.1094647624749051,0.07306865493496133,-2.722660640117564,6.030692309153168,6.790112085901348e-05,0.021100872271174135,0.3347684227212549,0.04618710303142135,0.0218000424609912,2.043002586672994,0.26070623794064485,1.5305918073416412e-05,0.01830146030314089,0.6324781113619756,0.03241324846762934,0.008449737804215637,-2.0486054542810934,1.8440210372048824,0.04599831474818794,0.005840147192828105,0.002276598727859458,0.0015840718335238878,0.03236150236705794,0.04705202327342602,0.011060525163991839,0.004049194060552375,0.0
700.0700070007001,0.808,0.803,5.174017902308282e-05,0.018186491441837992,0.04213587511990104,0.0835923301374975,0.04227965118500184,1.5383341113765114,3.4146429488335994,7.095822611097138e-06,0.017166182409001335,0.08170419721745607,0.08443986904535643,0.035647618336781435,0.5771917885263576,4.210272537052857,1.6664557231019473e-05,0.014869087926287864,0.16096369790294188,0.11644857468110155,0.07826618721291112,-2.9350747534505013,6.176951262452346,6.790112085901348e-05,0.021100872271174135,0.33455575277425786,0.038757332644256626,0.02013593494906822,2.0157154624093936,0.2392475969960728,1.5305918073416412e-05,0.01830146030314089,0.6325001513464128,0.033071395713636965,0.00915880692186027,-2.132557094780751,1.991863143196408,0.046020116881987705,0.006415761496385675,0.0022488111865412996,0.0016762057980190224,0.03637012973835181,0.04071519843191903,0.012655181165196868,0.005018347495319486,0.0
800.0800080008001,0.808,0.803,5.174017902308282e-05,0.018186491441837992,0.04213584108517543,0.08250999059917904,0.042748249961426864,1.4203774028472322,3.6054627343002874,7.095822611097138e-06,0.017166182409001335,0.0817028726312553,0.07843676718697454,0.012596032728010392,-0.13043564065572702,5.2481735945412264,1.6664557231019473e-05,0.014869087926287864,0.16088067205220005,0.1329528700624754,0.08420819711491748,-3.1222127265496282,0.06503055110240918,6.790112085901348e-05,0.021100872271174135,0.33464987157341547,0.03187494564072672,0.018494241802169867,1.9930861838833827,0.1405683220691092,1.5305918073416412e-05,0.01830146030314089,0.6324889975271384,0.03367865702201051,0.009850225539533965,-2.2056997952809807,2.125090095542376,0.04591850442224854,0.0075613555185628355,0.002176028012295883,0.0017756519772024193,0.03998747530688179,0.036088085294394764,0.014443446252754732,0.005096834138858197,0.0
900.0900090009002,0.808,0.803,5.174017902308282e-05,0.018186491441837992,0.04213577849361672,0.08264447114966408,0.040763096861802336,1.2657968251175284,3.842935396411531,7.095822611097138e-06,0.017166182409001335,0.08170438077092408,0.0650781322983281,0.014516746303418782,-2.847418590228022,2.0282341884747233,1.6664557231019473e-05,0.014869087926287864,0.16075835169307928,0.14961750413571492,0.08972347274222922,2.985612021057129,0.1981858036918691,6.790112085901348e-05,0.021100872271174135,0.33478152537030015,0.022080565048499985,0.016766527918618452,1.9881623035110854,0.0036427679350641284,1.5305918073416412e-05,0.01830146030314089,0.6324758307028914,0.03427230806195463,0.010523631581979205,-2.270097823011408,2.239158284620032,0.04503997926358194,0.009963196685193479,0.002101764219379021,0.001901372154369585,0.043919657681810505,0.03136015986449865,0.016333976765718683,0.00506852236032429,0.0
1000.1000100010002,0.808,0.803,5.174017902308282e-05,0.018186491441837992,0.04213572664695795,0.0833815946556861,0.03594256966488903,1.1007813832030495,4.108544110410269,7.095822611097138e-06,0.017166182409001335,0.08170734999249299,0.046421972960796795,0.03657536837661477,2.7802772931680257,3.0422888980996667,1.6664557231019473e-05,0.014869087926287864,0.1608299603787738,0.154213432043711,0.09397847670787976,2.8137459093152604,0.2996287794994714,6.790112085901348e-05,0.021100872271174135,0.3346994416507636,0.010780262745858417,0.015050087196067855,2.0181739699875028,0.15419653543400358,1.5305918073416412e-05,0.01830146030314089,0.6324962053484875,0.03463866377524965,0.011174178510395398,-2.3269442442386232,2.342054604641328,0.04428343964772241,0.015070466679860381,0.0020444161979656927,0.002069327559713008,0.04836002180210527,0.022891200503340647,0.02041229579534276,0.0051181017868643375,0.0
1100.1100110011,0.808,0.803,5.174017902308282e-05,0.018186491441837992,0.0421357397837304,0.08388694942165822,0.028837229436851172,0.9599125860564057,4.370008079080839,7.095822611097138e-06,0.017166182409001335,0.08170637920557972,0.02564175333935885,0.05393356617528016,2.3156536028890526,3.8318060706794954,1.6664557231019473e-05,0.014869087926287864,0.1609317481004064,0.15115052624397982,0.09763443177280479,2.6458404616404945,0.38703372859060536,6.790112085901348e-05,0.021100872271174135,0.33459046097479744,0.008570663806410342,0.013529879733709099,2.0893577339626357,1.4292827578827785,1.5305918073416412e-05,0.01830146030314089,0.6324901358074239,0.034570059907919004,0.0118037787768558,-2.377144082974247,2.4357952112379113,0.043956543737430416,0.017258513913826764,0.0019854399884701493,0.0022864655974482438,0.04769957671592628,0.02366289808197666,0.020634423951602185,0.00467096615929089,2.8821077718288457e-05
1200.1200120012002,0.808,0.803,5.174017902308282e-05,0.018186491441837992,0.042135789986815296,0.08375305971410905,0.020863499451464318,0.9152893290592796,4.552137193676484,7.095822611097138e-06,0.017166182409001335,0.0817059200867839,0.006002140130951177,0.06275693943140477,1.8796041635938479,3.9749237948246905,1.6664557231019473e-05,0.014869087926287864,0.16098488264946242,0.14405912691019437,0.10075302890069995,2.481147596771894,0.4957179304487811,6.790112085901348e-05,0.021100872271174135,0.33453625149459454,0.01821399294926492,0.012451569779221247,2.2045737081450603,1.7014299576202063,1.5305918073416412e-05,0.01830146030314089,0.6324741609802759,0.03442922771534914,0.012413542573520042,-2.4215112639007463,2.5287208284976668,0.04428909971817114,0.014121228074297412,0.0019262051084838502,0.0025605690544319507,0.04171048143469411,0.03439628845287108,0.01598307893070111,0.004066159683752585,0.00019112242338437113
1300.1300130013003,0.808,0.803,5.174017902308282e-05,0.018186491441837992,0.04213575492556794,0.08276966631061179,0.0145605758480025,1.11352187478542,4.4977578675911545,7.095822611097138e-06,0.017166182409001335,0.08170595063952828,0.01802144944681552,0.06157278925440345,1.4300228975788576,2.8886131369497257,1.6664557231019473e-05,0.014869087926287864,0.1608907254238874,0.13861481300953737,0.10395928198374392,2.3168173621471198,0.6014081051150235,6.790112085901348e-05,0.021100872271174135,0.3346436984973488,0.028392939879089845,0.01190962731336577,2.351435603917463,1.6119871029041644,1.5305918073416412e-05,0.01830146030314089,0.6324436506376551,0.03404846991734222,0.013009698995577896,-2.4603110016836487,2.6191602527711613,0.044983208809715666,0.009330900039385678,0.0018549847972915456,0.0029421211181163654,0.03709815662003967,0.0411144784088636,0.01422490947830458,0.003322439570271553,7.160242457227017e-05
1400.1400140014002,0.808,0.803,5.174017902308282e-05,0.018186491441837992,0.04213584098264918,0.0807378618771725,0.013492417845138816,1.53441726068646,4.215314454871336,7.095822611097138e-06,0.017166182409001335,0.08170568027305612,0.0370176625431214,0.05209433178431714,0.9461824800639792,3.6763127893415724,1.6664557231019473e-05,0.014869087926287864,0.16077318766121523,0.13080930362692725,0.1066833987239717,2.1480124298582104,0.726892206193571,6.790112085901348e-05,0.021100872271174135,0.3347637531104239,0.03776231595547843,0.012069367232432014,2.5114175511437273,1.3940985683573368,1.5305918073416412e-05,0.01830146030314089,0.6324922087813667,0.0337475772967377,0.013595159623752738,-2.4938674549763418,2.7095977945940106,0.04558089514856178,0.007215689830477196,0.0017840866879217376,0.0033601863209254956,0.034550465080719406,0.0422596539174424,0.014836365298452446,0.0030144307377590884,0.0
1500.1500150015004,0.808,0.803,5.174017902308282e-05,0.018186491441837992,0.04213607131998914,0.07801696451752148,0.016366162081781384,1.7385777852768265,4.137031947131501,7.095822611097138e-06,0.017166182409001335,0.08170324631769971,0.053389642530331155,0.036092922819951724,0.4002614626950486,4.616785538346542,1.6664557231019473e-05,0.014869087926287864,0.16098287638396808,0.11192404193052578,0.10698618209406326,1.966268726636404,0.9538270280069003,6.790112085901348e-05,0.021100872271174135,0.33454094270191015,0.04249293154291005,0.013218768746026345,2.6497843100086973,1.0844336283516203,1.5305918073416412e-05,0.01830146030314089,0.6324724757465359,0.03330420933333812,0.014185241523686175,-2.522729119475736,2.806091481670123,0.04582313776587679,0.0063106170651022414,0.0017459358153868172,0.0036275703790450958,0.03331502628453494,0.04193829702542845,0.014113632207780197,0.003757920101400211,0.00019476515051286558
1600.1600160016003,0.808,0.803,5.174017902308282e-05,0.018186491441837992,0.04213582352253334,0.07536756119717583,0.018692792586545364,1.7230581947621224,4.2593980754241105,7.095822611097138e-06,0.017166182409001335,0.08170616573176462,0.06632462554778983,0.017042255662905022,-0.4713284719712376,5.894691831276281,1.6664557231019473e-05,0.014869087926287864,0.1607663143355876,0.10673428271730055,0.1089712551792293,1.792960864247892,1.1199265974170887,6.790112085901348e-05,0.021100872271174135,0.33477040285361714,0.049012863875935106,0.014460729760936602,2.753365711590367,0.9317007101396992,1.5305918073416412e-05,0.01830146030314089,0.6324554752388278,0.03304121069745276,0.014784324094225742,-2.5473391595115693,2.902754603044066,0.045892768667464175,0.005880679129420716,0.0016709184519448192,0.0038258185634647557,0.03363386521354489,0.04201502519424292,0.012750060055285775,0.003946349017436329,0.000775193998986623
1700.1700170017002,0.808,0.803,5.174017902308282e-05,0.018186491441837992,0.04213589505306749,0.07348028652028586,0.01854441798053087,1.64906568222093,4.420784083442387,7.095822611097138e-06,0.017166182409001335,0.08170463242862057,0.07420632978181947,0.01726301883246988,-2.46531341074414,2.008018669657316,1.6664557231019473e-05,0.014869087926287864,0.16091630184250416,0.0950983955888023,0.10803269096770159,1.605435564682695,1.4155381816600077,6.790112085901348e-05,0.021100872271174135,0.33460598826568444,0.04976848412987658,0.016390308111399417,2.809775246681374,0.7728688160274855,1.5305918073416412e-05,0.01830146030314089,0.6324949528504568,0.03298301335802608,0.015400350753497915,-2.568331447069904,3.003029305760606,0.04594474423492737,0.005960779499231455,0.0016356191669685337,0.0037900085059660027,0.03332571885468534,0.04194838651280899,0.01295964981113734,0.003906837678860428,0.000760351107401358
1800.1800180018004,0.808,0.803,5.174017902308282e-05,0.018186491441837992,0.04213584123683686,0.07293669539727496,0.015899750418112427,1.6381405548449683,4.508652577718965,7.095822611097138e-06,0.017166182409001335,0.0817044082015855,0.0753234192520897,0.037097504275964706,2.9683346023920176,3.248016617436649,1.6664557231019473e-05,0.014869087926287864,0.1609650572331092,0.08749660309412767,0.10765941397313618,1.4199436991084429,1.7060064488844215,6.790112085901348e-05,0.021100872271174135,0.33455895421089044,0.05037969101519717,0.018393711196691875,2.8415412482239364,0.6594767336863505,1.5305918073416412e-05,0.01830146030314089,0.6324904714451132,0.03309886063351117,0.016039936533474915,-2.5864036905200365,3.0974670393636394,0.04595258865935216,0.006292979349900125,0.0015842882098435133,0.0036404260756344176,0.03481167807595116,0.04058763977192924,0.013371379434390169,0.0040453369895162685,0.0006422903227460974
1900.1900190019003,0.808,0.803,5.174017902308282e-05,0.018186491441837992,0.04213569792083634,0.0738838654361991,0.012728041709460444,1.857788305840388,4.369650431152453,7.095822611097138e-06,0.017166182409001335,0.08170773981973302,0.06959913581219451,0.05340281410374204,2.450406735125942,4.161256280017315,1.6664557231019473e-05,0.014869087926287864,0.1608966608333756,0.08410261091022282,0.10742569037986598,1.2520707090959922,1.9715204314731292,6.790112085901348e-05,0.021100872271174135,0.3346279657654665,0.0514952893705421,0.020239025893746026,2.8517019479645893,0.5967959857422027,1.5305918073416412e-05,0.01830146030314089,0.6324946360813197,0.03343413317934378,0.016707608600722783,-2.6022193531267406,3.18876008532376,0.04589311534961154,0.007091146474745292,0.0015351359575045442,0.0034049035038578863,0.03664218579347489,0.04006508549414498,0.013367634767949929,0.00413208184762031,0.0004116334052556292
2000.2000200020004,0.808,0.803,5.174017902308282e-05,0.018186491441837992,0.04213584443033154,0.07592431091364206,0.013730108485598618,2.3132511052989244,4.009044838342817,7.095822611097138e-06,0.017166182409001335,0.08170457832798973,0.05792735224420697,0.061805871130344664,1.9853060144574053,5.025347078298576,1.6664557231019473e-05,0.014869087926287864,0.16088385968172084,0.0818092715783022,0.10646282519030087,1.0914921339492045,2.2488281851392973,6.790112085901348e-05,0.021100872271174135,0.33464560549727457,0.051370321324969534,0.022072597657182676,2.84227854801732,0.5606195242399723,1.5305918073416412e-05,0.01830146030314089,0.6325064235403645,0.033838355864836446,0.017405246172456732,-2.616410137415507,3.278399837903773,0.04516274921085534,0.008880075928383692,0.0014989370326305258,0.0030584994893370038,0.037894853030434196,0.041630914919649355,0.012723202426963462,0.0037652762474986324,0.00020537384022234484
2100.2100210021003,0.808,0.803,5.174017902308282e-05,0.018186491441837992,0.042135818322818014,0.07814853655702642,0.020164461418465934,2.5260459889576365,3.9091124929508014,7.095822611097138e-06,0.017166182409001335,0.0817040495697964,0.04166894886359003,0.06140276867860153,1.5266701164601988,5.871989388232297,1.6664557231019473e-05,0.014869087926287864,0.160886613401104,0.08072788160954794,0.10539100740715437,0.9340098714859776,2.525480533895575,6.790112085901348e-05,0.021100872271174135,0.33463872513414555,0.05014115546504099,0.02386883555054209,2.819970788525258,0.5406454352538121,1.5305918073416412e-05,0.01830146030314089,0.6324916792595624,0.03439365909275158,0.01813965108145896,-2.6296263443321712,3.3614219204295783,0.044373511002302836,0.012818373924521561,0.0014658744388214406,0.0026775434980124907,0.041013447180912134,0.03800477713930351,0.014839279988018938,0.0033679651545009686,7.058680809812756e-05
2200.2200220022,0.808,0.803,5.174017902308282e-05,0.018186491441837992,0.0421357662057694,0.07975688613883852,0.028118319342625472,2.4887460031009634,4.076599375664707,7.095822611097138e-06,0.017166182409001335,0.08170478799420697,0.02180358797482113,0.052556249063981486,1.0653957188493106,0.40379079509905935,1.6664557231019473e-05,0.014869087926287864,0.1609252657385488,0.08071358266952738,0.10459600906708144,0.7785892256232809,2.7811543348518466,6.790112085901348e-05,0.021100872271174135,0.334603501643732,0.04800517871347676,0.025565652811316165,2.7889220141889233,0.5380138861599981,1.5305918073416412e-05,0.01830146030314089,0.6324656527140013,0.035014510233631356,0.01891002525403133,-2.6424933831634703,3.4447435479499675,0.04387985069722699,0.01520669366365579,0.0014314071229335479,0.002391741468171588,0.04523164990927565,0.031872389119556366,0.018458599908852152,0.0027422308808205953,5.773024580602026e-07
2300.2300230023006,0.808,0.803,5.174017902308282e-05,0.018186491441837992,0.04213584759724054,0.0803620304031717,0.03484826011536815,2.3493945914036796,4.356865434330829,7.095822611097138e-06,0.017166182409001335,0.0817042253763262,0.0023726400808060702,0.03557449638169982,0.5843015428611723,5.8302363230038,1.6664557231019473e-05,0.014869087926287864,0.1609584283989543,0.08142152837611333,0.10358390880546056,0.6243207750587833,3.028057288420447,6.790112085901348e-05,0.021100872271174135,0.33456548980885553,0.04587400104864918,0.027057635189003802,2.7493248558849346,0.5590839298937826,1.5305918073416412e-05,0.01830146030314089,0.6324713477020101,0.035636558040891324,0.01971794532694886,-2.6556478225609266,3.524312523778152,0.0441316367235568,0.011684069529675045,0.001403716958333634,0.0021659072504818244,0.04559748249894478,0.03296979545386283,0.01785321204929824,0.0025529534004485877,0.0
2400.2400240024003,0.808,0.803,5.174017902308282e-05,0.018186491441837992,0.042135956909422366,0.07972271117075853,0.039161600944558804,2.1789269341492083,4.6667694565753655,7.095822611097138e-06,0.017166182409001335,0.08170397729562247,0.022388087396951736,0.013077125299401244,-0.1814985818718246,5.8052098334670985,1.6664557231019473e-05,0.014869087926287864,0.16095153956887642,0.0839072074804494,0.10151807997404165,0.4721491358733407,3.2811544568509285,6.790112085901348e-05,0.021100872271174135,0.3345733292640127,0.044781125172453334,0.028179634078653114,2.7023142704115486,0.5806884091269744,1.5305918073416412e-05,0.01830146030314089,0.6324729465710414,0.03647697799152093,0.020560479289960895,-2.6694750449173403,3.602009459919301,0.044812434800716505,0.007922263259083026,0.0013946975302239206,0.001991515753855033,0.04643379129008883,0.032979308287697975,0.015498685265908918,0.004110768198986814,0.0
2500.2500250025005,0.808,0.803,5.174017902308282e-05,0.018186491441837992,0.04213587705154158,0.07787229644855392,0.04072984642450602,2.0209043783552025,4.955181289047403,7.095822611097138e-06,0.017166182409001335,0.08170355010688597,0.042016003042457756,0.016357401394565634,-2.732804280356986,2.4354280176535656,1.6664557231019473e-05,0.014869087926287864,0.16093204283077034,0.08960100983415237,0.09869898968143169,0.3174632645297349,3.534766782185028,6.790112085901348e-05,0.021100872271174135,0.33460292253673996,0.04332481776661755,0.028988754376167505,2.6527199691419856,0.5790055992898067,1.5305918073416412e-05,0.01830146030314089,0.6324266229223189,0.03725640236711609,0.021433783721607747,-2.6843378889664034,3.6734299513191067,0.045607575248467924,0.006149418349844509,0.0013987543599549568,0.0018566046145398474,0.044431320052490696,0.034621190476929915,0.015246241889879997,0.003993923036607727,0.0
2600.2600260026006,0.808,0.803,5.174017902308282e-05,0.018186491441837992,0.04213602122606901,0.07546288743842416,0.03994051596423058,1.9079723281149439,5.183915089555769,7.095822611097138e-06,0.017166182409001335,0.0817037548803645,0.05827282560909321,0.03920345206324975,2.8675562251586095,3.519602544140878,1.6664557231019473e-05,0.014869087926287864,0.16094391657679447,0.09638135900165068,0.09538251900449989,0.1546574424329827,3.7679626502856887,6.790112085901348e-05,0.021100872271174135,0.3345781561054264,0.040492463738145704,0.029612681397817527,2.6022933049076964,0.5744027630841524,1.5305918073416412e-05,0.01830146030314089,0.6324903627729175,0.03817641522984707,0.022329550748015233,-2.700420777087472,3.7423457037127736,0.04584792342258548,0.005314813901630133,0.001410781209103651,0.0017456001393290066,0.04233247966650333,0.03687344561684647,0.014571726865091117,0.003915232711526162,0.0
2700.2700270027003,0.808,0.803,5.174017902308282e-05,0.018186491441837992,0.04213590387895316,0.07339681994769738,0.03827000097545681,1.8631760947306668,5.325165582814577,7.095822611097138e-06,0.017166182409001335,0.08170450241004165,0.06971064455419285,0.057916825603692476,2.380267742869287,4.413577810298056,1.6664557231019473e-05,0.014869087926287864,0.16096844209890515,0.10628837717892298,0.09098811717341315,-0.0117845722855656,3.973489013207285,6.790112085901348e-05,0.021100872271174135,0.33455612379829625,0.03590950161688173,0.029959062340999515,2.552322607498377,0.5454615840515853,1.5305918073416412e-05,0.01830146030314089,0.6324840738008567,0.03896721129804616,0.023247379903554206,-2.7178896577726204,3.812254701975239,0.04591494563861698,0.005057914937462882,0.0014419406657446565,0.0016591448453938673,0.040179144784705634,0.03960888040384769,0.014359732471255836,0.0032650765988089248,0.0
2800.2800280028005,0.808,0.803,5.174017902308282e-05,0.018186491441837992,0.04213601185669389,0.07243440592874853,0.03801116274253664,1.8838620834284219,5.385979586952628,7.095822611097138e-06,0.017166182409001335,0.0817042736124513,0.07534474899290611,0.06992503684366869,1.9273270284600628,5.270644746909802,1.6664557231019473e-05,0.014869087926287864,0.1608159086773634,0.12279153349305133,0.08454396445216333,-0.19776361096404985,4.230584755807577,6.790112085901348e-05,0.021100872271174135,0.3347190399289134,0.032193629459077985,0.029962070946683343,2.494311282294028,0.44698206108592764,1.5305918073416412e-05,0.01830146030314089,0.6324536378678555,0.03976932042788097,0.024173697964781037,-2.7368194082278205,3.8768101666654506,0.04595281287755536,0.005255022802687311,0.001511961997204735,0.0015816008100832946,0.03741896839704352,0.0438916294878569,0.013608574348782185,0.002409573568763812,0.0
2900.2900290029,0.808,0.803,5.174017902308282e-05,0.018186491441837992,0.0421357425677515,0.07306064908263664,0.040824999863813806,1.9161265788083603,5.433047033427638,7.095822611097138e-06,0.017166182409001335,0.0817058845752447,0.07441698832138109,0.07346438402866098,1.4954008127888196,6.117006790082075,1.6664557231019473e-05,0.014869087926287864,0.16089709993346857,0.12935416017176662,0.08012817207839393,-0.38217301827966,4.379261867411109,6.790112085901348e-05,0.021100872271174135,0.334629581650831,0.023841692265822608,0.030076997466941202,2.446379998649133,0.4476336158779297,1.5305918073416412e-05,0.01830146030314089,0.6324896503691434,0.040491624072839606,0.02510360789303584,-2.757215821906843,3.9416864371058047,0.04594548659128585,0.005752503444031554,0.0015571297866657785,0.0015190158804825207,0.037325808103476965,0.04517601340038313,0.014423666535645755,0.0011860814002994102,0.0
3000.3000300030008,0.808,0.803,5.174017902308282e-05,0.018186491441837992,0.042135666389805704,0.07526472190191426,0.046266212521344496,1.895229296049693,5.543406648409776,7.095822611097138e-06,0.017166182409001335,0.0817063132984604,0.06793790921993656,0.066702717119558,1.0817637397672764,0.6723763870778576,1.6664557231019473e-05,0.014869087926287864,0.1608422233951559,0.13921426618125246,0.07561126907741045,-0.56857495625212,4.530190006589515,6.790112085901348e-05,0.021100872271174135,0.3346892818347114,0.014684465462683016,0.029956003544094226,2.397160460396382,0.4028556520818052,1.5305918073416412e-05,0.01830146030314089,0.6324894521222026,0.04093249998542347,0.02603325827606435,-2.77882184020994,4.0032095447394775,0.0453514232515375,0.006908687415023411,0.0016196643475941963,0.0014660120974816521,0.04084066807407874,0.0413805460726541,0.016540084316550616,0.0006309654404951237,0.0
3100.3100310031004,0.808,0.803,5.174017902308282e-05,0.018186491441837992,0.04213573846233681,0.0784660711246174,0.05237560797251704,1.8053450715744357,5.739857222842802,7.095822611097138e-06,0.017166182409001335,0.08170668545209323,0.056969341358163526,0.0497622631156615,0.6747336373873656,1.4995289288209523,1.6664557231019473e-05,0.014869087926287864,0.16095874370195054,0.1356779195373411,0.0732552696015242,-0.7532828748429147,4.651584221728168,6.790112085901348e-05,0.021100872271174135,0.33456899269195217,0.0069160658272866,0.029981428362401915,2.349767311917126,1.034915953992777,1.5305918073416412e-05,0.01830146030314089,0.632471723548451,0.041239620590936006,0.02695863248426017,-2.801548827753647,4.067279807902744,0.04417998720744426,0.009103872427713697,0.0016489829970831652,0.0014142282889339764,0.04502780090347744,0.03662456372369401,0.017868079245914194,0.0009518183291580273,0.0
3200.3200320032006,0.808,0.803,5.174017902308282e-05,0.018186491441837992,0.04213568620027479,0.08162433691102554,0.057179932281500014,1.6683702513431566,6.000041006373476,7.095822611097138e-06,0.017166182409001335,0.08170790185890706,0.04120954466319276,0.025431742399486663,0.25938421133727324,2.298202928327875,1.6664557231019473e-05,0.014869087926287864,0.1607572400343065,0.1432661815131531,0.0707518455569105,-0.9341667192004313,4.7565637034614205,6.790112085901348e-05,0.021100872271174135,0.33477637743139477,0.007808129815475254,0.02963923783784418,2.3040825240786686,2.7041067014048004,1.5305918073416412e-05,0.01830146030314089,0.6324833065471613,0.04123982601245009,0.02788259870951458,-2.825247665916696,4.133434037432917,0.04332732656542693,0.012616254957588002,0.0017032563322281202,0.001376108231235784,0.052323967885722245,0.02699698278825404,0.018908783845547106,0.0031729459350730016,0.0
3300.3300330033003,0.808,0.803,5.174017902308282e-05,0.018186491441837992,0.04213578282771781,0.08402418999135257,0.0592732629813071,1.5139367204845544,0.007404693015492292,7.095822611097138e-06,0.017166182409001335,0.0817055427032214,0.02059938736796912,0.0018361644600532149,3.057808913727538,6.045236625447659,1.6664557231019473e-05,0.014869087926287864,0.16097769571553583,0.12513570913553165,0.07213460523664457,-1.124700313739936,4.900107076739654,6.790112085901348e-05,0.021100872271174135,0.3345411447585439,0.01741753754846349,0.02969552609850327,2.2532821944298584,2.5543390830096673,1.5305918073416412e-05,0.01830146030314089,0.632497869671149,0.0411698438423957,0.02880850357288313,-2.849864934555877,4.203420289278341,0.04317661708249387,0.010652070744250517,0.0016775401890450903,0.0013254481408209173,0.05533740336277689,0.024558969809239453,0.018229034581035197,0.004108244027042129,0.0
3400.3400340034004,0.808,0.803,5.174017902308282e-05,0.018186491441837992,0.04213580558795316,0.08533020569527154,0.058155743054542505,1.3662114897272037,0.2933323792710558,7.095822611097138e-06,0.017166182409001335,0.08170473779754182,0.007023718145134611,0.02892403991926551,2.5451523143430848,4.983499860370941,1.6664557231019473e-05,0.014869087926287864,0.16077540244525776,0.12611230170465937,0.07228942468899167,-1.312401956151695,5.019334973116406,6.790112085901348e-05,0.021100872271174135,0.33476662454657513,0.02589273945981635,0.029209085325518355,2.208250512242079,2.7147716930596797,1.5305918073416412e-05,0.01830146030314089,0.632462770732655,0.04097156614459299,0.029733326152183975,-2.8753432606408142,4.282788049551506,0.044157985287468615,0.007584156001757365,0.001701349358671722,0.0012947103127026738,0.05144785883829834,0.030554680942886558,0.015473937767820356,0.00415796622761222,0.0
3500.3500350035006,0.808,0.803,5.174017902308282e-05,0.018186491441837992,0.04213586830460201,0.0852323350505539,0.05464736096870227,1.2472059273565068,0.5422215949853868,7.095822611097138e-06,0.017166182409001335,0.08170504740361463,0.029761923699860596,0.05310662131329863,2.124186600534145,5.0560273379799945,1.6664557231019473e-05,0.014869087926287864,0.16090990886737902,0.108791968761653,0.07551114854037592,-1.5150989106280413,5.234319197020862,6.790112085901348e-05,0.021100872271174135,0.3346197720773168,0.030984148946410373,0.0289439635056441,2.153933433218765,2.5956014717156,1.5305918073416412e-05,0.01830146030314089,0.632473007938035,0.040850015297431104,0.03066176109003663,-2.901887273812315,4.36486235463638,0.04518400245908448,0.0056628843995975365,0.001667815569863546,0.0012525148349460454,0.04806068602038613,0.036676715977670075,0.01258030914876136,0.00409175313081774,3.294793021524356e-06
3600.3600360036007,0.808,0.803,5.174017902308282e-05,0.018186491441837992,0.04213592664215665,0.08394406497259181,0.050561179049992425,1.1789253311880423,0.7265235064643498,7.095822611097138e-06,0.017166182409001335,0.08170449614027223,0.05258080077211709,0.0703777848577745,1.7149200644121996,5.7652191993670945,1.6664557231019473e-05,0.014869087926287864,0.16096385062562102,0.09490780885258397,0.07888737462142935,-1.7145240069385967,5.473271722866789,6.790112085901348e-05,0.021100872271174135,0.33455392753019386,0.03467234152403066,0.02847457298658266,2.101807273674048,2.528897218691734,1.5305918073416412e-05,0.01830146030314089,0.6324976208013902,0.04089936963716155,0.03158498864783258,-2.9293890212152696,4.452650854546936,0.04581849833351031,0.004726956967011751,0.0016453952975553252,0.001218450676661792,0.04353192019478047,0.0439387621114508,0.00997489721410684,0.003493260547286198,4.559312013596717e-05
3700.3700370037004,0.808,0.803,5.174017902308282e-05,0.018186491441837992,0.04213609277633255,0.08239722407050061,0.047974151172970124,1.1647873421284967,0.8374673372946217,7.095822611097138e-06,0.017166182409001335,0.08170036161092492,0.07131878704631446,0.07807698177797782,1.3042559054412557,0.24140125400706758,1.6664557231019473e-05,0.014869087926287864,0.16094513374818095,0.08625150233935222,0.08109466016439486,-1.9094627058351834,5.700513341709373,6.790112085901348e-05,0.021100872271174135,0.3345861190508947,0.03798755601119639,0.027698257910468694,2.056018566705509,2.514481130242599,1.5305918073416412e-05,0.01830146030314089,0.6324417152755734,0.040868761810860715,0.03249732929357194,-2.9577321661094533,4.539542736037912,0.04592773980098856,0.004374762249743008,0.0016554702103279333,0.001196589400412237,0.03984133588112693,0.05063400052574861,0.007701839232856781,0.0026535538598204426,0.00015194335365043
3800.3800380038006,0.808,0.803,5.174017902308282e-05,0.018186491441837992,0.04213597159677415,0.08148738629314813,0.048264816517891544,1.1675490195059186,0.911708845554152,7.095822611097138e-06,0.017166182409001335,0.08170376984711376,0.08462654035593072,0.07539540585643716,0.8871919383956461,1.0138932133082825,1.6664557231019473e-05,0.014869087926287864,0.160949153500019,0.07858567660150284,0.082752882046643,-2.1045785139319775,5.964113559696498,6.790112085901348e-05,0.021100872271174135,0.33457706387312347,0.039737568807345976,0.02671673763177951,2.012130565144213,2.509180978690676,1.5305918073416412e-05,0.01830146030314089,0.6324665737350299,0.04109722655063396,0.03338604023857229,-2.987006029899476,4.630687051435812,0.046021820472864135,0.004423492314970986,0.0016832205647689144,0.0011802187120115216,0.04021700712819243,0.04940076359755802,0.009640593843318956,0.0017455313744170976,0.00014373987223592621
3900.3900390039003,0.808,0.803,5.174017902308282e-05,0.018186491441837992,0.042136132959025886,0.08188995957825947,0.0510532676105214,1.1337073498302634,1.0110592198704325,7.095822611097138e-06,0.017166182409001335,0.08170172719863472,0.09021247012268718,0.06337667910645221,0.45611451449791696,1.7950577707852968,1.6664557231019473e-05,0.014869087926287864,0.16095660547844887,0.07309706248911367,0.0838412578095859,-2.2998689580041027,6.242181694679085,6.790112085901348e-05,0.021100872271174135,0.33456422025999255,0.040577693482572064,0.025508465419222796,1.9721255636194388,2.5207977020794647,1.5305918073416412e-05,0.01830146030314089,0.6324804033316483,0.04137869810639972,0.03424732016739638,-3.0169351678030947,4.7245592368876395,0.04606828767968446,0.004861423484923472,0.0017299550036396012,0.001170178327813476,0.04227074336967673,0.04551887407477291,0.01233547235259391,0.0012192784188467657,9.634559064708448e-05
4000.400040004001,0.808,0.803,5.174017902308282e-05,0.018186491441837992,0.042135920551160284,0.08387218941066259,0.05452140553585919,1.0412050332824228,1.1708917466182118,7.095822611097138e-06,0.017166182409001335,0.08170362030063828,0.08686741038561573,0.044332533542829865,0.0071122107800210025,2.588029510802066,1.6664557231019473e-05,0.014869087926287864,0.16092495263665188,0.07002152146073269,0.08419681140182947,-2.4983009607287108,0.2173585089616923,6.790112085901348e-05,0.021100872271174135,0.33459666659629683,0.04215906627697238,0.023976496192015258,1.9409611631130796,2.5453183123783347,1.5305918073416412e-05,0.01830146030314089,0.6325016056001639,0.04192994847675579,0.035066540702296235,-3.0473108245850993,4.816619667845634,0.04532783654174424,0.005783486767121483,0.0018037097605661822,0.0011703223849240485,0.04645973429681046,0.039853749120552055,0.014630114187721538,0.0011796818302505486,0.00017871515710166097
4100.410041004101,0.808,0.803,5.174017902308282e-05,0.018186491441837992,0.04213589284035604,0.08709065635581328,0.05672185189845632,0.9000611359223607,1.3924455327030945,7.095822611097138e-06,0.017166182409001335,0.08170631484443201,0.07550729054562201,0.020322710328947714,-0.49442022606599745,3.4288021055517652,1.6664557231019473e-05,0.014869087926287864,0.1608666182804492,0.0676269666506825,0.08439160302217123,-2.6951410493448327,0.44456012080183527,6.790112085901348e-05,0.021100872271174135,0.3346594728685754,0.04429394389947624,0.022222975049898716,1.921580206488784,2.546484393973781,1.5305918073416412e-05,0.01830146030314089,0.6324917453936565,0.042416971343037894,0.035849007388775875,-3.0780463306407273,4.909018275844842,0.04392665915260281,0.007394986938927055,0.001891690043226143,0.0011792369962613757,0.05226596678698133,0.03229672258237005,0.016531005894869957,0.0011634115413968742,0.0009054883185980467
4200.420042004201,0.808,0.803,5.174017902308282e-05,0.018186491441837992,0.042135834489176203,0.09055519211900455,0.05642635049150361,0.7305927051664766,1.6585877428847517,7.095822611097138e-06,0.017166182409001335,0.08170424298570403,0.05769045400842251,0.007276182130722978,2.752385329993584,0.4914073957981673,1.6664557231019473e-05,0.014869087926287864,0.16081899329469643,0.06611252058002615,0.08562986976749892,-2.888117188038838,0.6765436416408015,6.790112085901348e-05,0.021100872271174135,0.33471161036695707,0.04589787813778712,0.020351763380770414,1.9112181918870934,2.538097472805255,1.5305918073416412e-05,0.01830146030314089,0.6325114129590657,0.04294803511839988,0.036583664827836586,-3.108967436311403,4.998845750351892,0.04315469799320213,0.009338757039375872,0.0019593325585139246,0.0011918076273661478,0.05827830983023822,0.024536608280663015,0.018519994030317816,0.001887482368440229,0.0010242944785782138
4300.4300430043,0.808,0.803,5.174017902308282e-05,0.018186491441837992,0.0421356582268235,0.09323147084394551,0.053391216023379276,0.5569114343349242,1.944340159039676,7.095822611097138e-06,0.017166182409001335,0.08170747347620869,0.03558861242452547,0.03281123002205588,2.043982829866714,1.3921552986057106,1.6664557231019473e-05,0.014869087926287864,0.16079005141696245,0.06491063547057208,0.08805907173372861,-3.069853918373744,0.9182974006393341,6.790112085901348e-05,0.021100872271174135,0.3347424529523219,0.04657395863194528,0.01850684671949635,1.9124975465921819,2.5229335501467247,1.5305918073416412e-05,0.01830146030314089,0.6325046826947452,0.043615615703429644,0.037268289176962795,-3.139856205396221,5.090039748182402,0.04300795998946166,0.009151910710937424,0.001988494080718724,0.0012067205702410379,0.05745136029290737,0.02581587262287492,0.017264298760310666,0.0027155076663345898,0.0007587434908982171
4400.4400440044,0.808,0.803,5.174017902308282e-05,0.018186491441837992,0.04213566807075017,0.09463900724374172,0.04807370181112249,0.40864114284383385,2.2156273377121973,7.095822611097138e-06,0.017166182409001335,0.08170854692613477,0.01617471845092792,0.05305238924132604,1.593002854320779,1.3815940921233674,1.6664557231019473e-05,0.014869087926287864,0.16080169943354833,0.06279589745896548,0.09066021005815496,3.0388789594441628,1.1507585348869238,6.790112085901348e-05,0.021100872271174135,0.33473010486345794,0.04652631205162936,0.016760020870362734,1.936776450545713,2.478763793082539,1.5305918073416412e-05,0.01830146030314089,0.6324797184077782,0.0442748382324516,0.03789646687968266,3.112425037446799,5.178868742076286,0.04375372021749984,0.0072204708305363945,0.0020014175615271877,0.001229278413791207,0.05207338657472045,0.0320707023626646,0.01607139674066518,0.0023814711300445606,0.00030941079758883827
4500.450045004501,0.808,0.803,5.174017902308282e-05,0.018186491441837992,0.04213568803904656,0.09466052081213464,0.04159679231532885,0.31602057564726777,2.4310211404839563,7.095822611097138e-06,0.017166182409001335,0.08170766502459884,0.028215414969459073,0.06554284627623774,1.1372364284096836,0.9208996081933645,1.6664557231019473e-05,0.014869087926287864,0.160838901755651,0.06011115374627079,0.09332773596782021,2.86076243525763,1.3770549307677218,6.790112085901348e-05,0.021100872271174135,0.3346922443228748,0.046253628286219366,0.015116487212937199,1.9914493010182406,2.3985936768919824,1.5305918073416412e-05,0.01830146030314089,0.6324961861073641,0.045067854987717954,0.03846417727279369,3.081760643085841,5.26586762499333,0.04499061862658502,0.005763030519818428,0.002001237606522893,0.0012610399143482699,0.04578761975020485,0.04023119830825709,0.013975484712432913,0.0018296114618335173,4.081393659816079e-06
4600.460046004601,0.808,0.803,5.174017902308282e-05,0.018186491441837992,0.042135676535538596,0.09329820957348936,0.036000429562122474,0.2979779184387228,2.562317378152228,7.095822611097138e-06,0.017166182409001335,0.0817076537316891,0.05224241444404095,0.07007721060278327,0.6760888581047844,1.46802213271188,1.6664557231019473e-05,0.014869087926287864,0.16086389631941103,0.05740830036454817,0.09625123567765717,2.677336826124217,1.5995251113530156,6.790112085901348e-05,0.021100872271174135,0.334665457847118,0.0457538363691432,0.01368199082893479,2.0804674692441454,2.28448185584163,1.5305918073416412e-05,0.01830146030314089,0.632472713226606,0.045948545881727414,0.03896812689650719,3.051518429210608,5.353611116176388,0.045781091831572654,0.0049634009976182066,0.0019778568232636795,0.0013009907904387719,0.040531004044143046,0.04718859043376231,0.01104768021099424,0.0018799264845275054,0.0
4700.470047004701,0.808,0.803,5.174017902308282e-05,0.018186491441837992,0.042135761512487956,0.09122544308113553,0.033321862904394685,0.33262115427815864,2.62617832654119,7.095822611097138e-06,0.017166182409001335,0.08170591093710536,0.07330344902987093,0.06585775314309077,0.20891075325091782,2.2106106109571773,1.6664557231019473e-05,0.014869087926287864,0.16089899232841137,0.05404248385767008,0.09931986420433973,2.491438942007145,1.8088439734136603,6.790112085901348e-05,0.021100872271174135,0.3346278413165365,0.04492883803073872,0.012608772530787328,2.2057348912184693,2.136960831549441,1.5305918073416412e-05,0.01830146030314089,0.6324766706347487,0.046882901890593805,0.03941335549186955,3.0218014952358754,5.435710714225566,0.04593787325142529,0.004625653549657495,0.0019298005717994018,0.001348805439659625,0.037955466056120546,0.05088948844555774,0.008808761893819192,0.0023713462265660956,0.0
4800.480048004801,0.808,0.803,5.174017902308282e-05,0.018186491441837992,0.04213593754899072,0.0895007927031114,0.03370882319094358,0.3434464699888082,2.696071941113976,7.095822611097138e-06,0.017166182409001335,0.08170607091455613,0.08852014054505851,0.053399034661996345,-0.28782196378357255,3.033716789608377,1.6664557231019473e-05,0.014869087926287864,0.16094387943663613,0.049389419248299454,0.10204677619231192,2.3074636055695996,2.019491776271291,6.790112085901348e-05,0.021100872271174135,0.3345764268524901,0.043781404856712815,0.012077436956189845,2.3599516597434937,1.9704918002539102,1.5305918073416412e-05,0.01830146030314089,0.6325050845141708,0.04788476129581903,0.03979863839895225,2.992724773329623,5.515799358795075,0.04605179477956323,0.004645744662327478,0.001869316498405265,0.0014057438148583905,0.03763958180053151,0.0506896849410452,0.008564734783757653,0.0027503986614960674,0.0
4900.4900490049,0.808,0.803,5.174017902308282e-05,0.018186491441837992,0.04213593436740734,0.0889695374520864,0.03522700980415958,0.27342930769158846,2.8320467801677616,7.095822611097138e-06,0.017166182409001335,0.08170355489146855,0.09664299322551295,0.035162436021497025,-0.8871184488673961,3.971403229093618,1.6664557231019473e-05,0.014869087926287864,0.16094029499325513,0.046048841533515544,0.10409365726654453,2.1355596698284294,2.2447585813719435,6.790112085901348e-05,0.021100872271174135,0.3345830372048462,0.043228223697793104,0.012144213133944594,2.5103573953417317,1.8249071595092499,1.5305918073416412e-05,0.01830146030314089,0.6324743726423987,0.04864597814566979,0.04012945838114558,2.964571220578342,5.592535171677318,0.046123132428682156,0.005045218821157715,0.0018090233528281763,0.0014665770756950472,0.04155354279703627,0.043033098996683866,0.011794168938046164,0.0031920908268845416,0.0
5000.500050005001,0.808,0.803,5.174017902308282e-05,0.018186491441837992,0.04213603812565537,0.09007727045701729,0.03574632202197742,0.12437465072711842,3.043816718893556,7.095822611097138e-06,0.017166182409001335,0.08170260377894113,0.09603362441558376,0.018181041415137458,-1.945222976842146,5.361402587237211,1.6664557231019473e-05,0.014869087926287864,0.1608480735920645,0.04686177166980242,0.10683220721955135,1.982243478738854,2.3590282554120474,6.790112085901348e-05,0.021100872271174135,0.33468425885033587,0.04363623622897611,0.012446194814609778,2.6421421645524683,1.6734242512497115,1.5305918073416412e-05,0.01830146030314089,0.6324667288434037,0.04962708919373617,0.04040711995705983,2.9371102932489084,5.668974328218682,0.04571873830190143,0.0058963789351518005,0.0017264924186465302,0.0015197853844302056,0.047702543805029786,0.03417356649293257,0.014271247903563572,0.004233161709198963,0.0
5100.510051005101,0.808,0.803,5.174017902308282e-05,0.018186491441837992,0.04213596819253217,0.09261882829813695,0.03403985705491853,-0.07856489713555502,3.319084109184456,7.095822611097138e-06,0.017166182409001335,0.08170370613251837,0.0860094039052597,0.021601019896629135,2.7069032857291826,1.0322241467433342,1.6664557231019473e-05,0.014869087926287864,0.1608607967688763,0.04497310653890314,0.10636426226333114,1.8278280866511163,2.5459934751826747,6.790112085901348e-05,0.021100872271174135,0.33467262614900806,0.04319314254431841,0.013606583591149751,2.737097247890189,1.6015835188821175,1.5305918073416412e-05,0.01830146030314089,0.6324822561825162,0.05055978067339534,0.04063801045236773,2.9107571649090285,5.744027254609196,0.044418398604803344,0.0077290382935341715,0.001703337450193687,0.001603809499263642,0.0496521064499245,0.031353191135526357,0.015468319324375202,0.0042459204898944725,0.0
5200.520052005201,0.808,0.803,5.174017902308282e-05,0.018186491441837992,0.04213602880079623,0.09592401503570885,0.029741622285760785,-0.3127257243944372,3.6411082721303902,7.095822611097138e-06,0.017166182409001335,0.08170148515905408,0.06851871891715018,0.03645147143869209,1.8409973103023984,2.191232365172681,1.6664557231019473e-05,0.014869087926287864,0.1609168687107017,0.03753941581780031,0.10687313295722373,1.6552793194157895,2.8439717348511753,6.790112085901348e-05,0.021100872271174135,0.3346042908738398,0.04159558894050919,0.015347001617822374,2.8229654831745297,1.5485272995251425,1.5305918073416412e-05,0.01830146030314089,0.6325122369757854,0.05164757444879406,0.0408342823410827,2.8853047580482314,5.813641004466157,0.0435738907958203,0.010868517961623553,0.001646428238084252,0.0017287094453976026,0.0524694803197076,0.026045527947474473,0.018029287087584223,0.004252454011728357,0.0
5300.5300530053,0.808,0.803,5.174017902308282e-05,0.018186491441837992,0.04213590679742591,0.09885205613997695,0.02320057904426198,-0.5595760027509336,3.9906481480923093,7.095822611097138e-06,0.017166182409001335,0.08170463981372468,0.04588970486900995,0.048986592157172194,1.2196246876626275,3.0269036756437444,1.6664557231019473e-05,0.014869087926287864,0.16086256801920543,0.04192163214702643,0.10445357751648685,1.5130409693558828,3.0180709354250688,6.790112085901348e-05,0.021100872271174135,0.3346678993917201,0.04256074589660952,0.01701195871690489,2.832840551507949,1.5653375315960805,1.5305918073416412e-05,0.01830146030314089,0.6324895528955581,0.0525279851917864,0.04099573050732473,2.8612178261053223,5.883723921987602,0.04343759878321296,0.014278882616803323,0.0016521837735110623,0.0018532048972610027,0.04860519377965531,0.02996487990655764,0.0179726931363001,0.0032878893124361763,0.0
5400.540054005401,0.808,0.803,5.174017902308282e-05,0.018186491441837992,0.042135848519306865,0.10049251497797355,0.015594193661013996,-0.7908247343676629,4.336405231174315,7.095822611097138e-06,0.017166182409001335,0.08170355398315586,0.024126234809775115,0.05626614951210044,0.6670695497918154,3.3877498028334267,1.6664557231019473e-05,0.014869087926287864,0.1608874507322187,0.037461498836687396,0.10535744293237044,1.3665546827448896,3.242600253462287,6.790112085901348e-05,0.021100872271174135,0.33463944726682765,0.04147764643168202,0.01869294633041317,2.8538695734546047,1.5634987350754024,1.5305918073416412e-05,0.01830146030314089,0.6325017642918622,0.05346371439146453,0.041150501637423904,2.8381376865172006,5.952640428376779,0.04374756350349192,0.010637792086115398,0.001589043556621667,0.001998571443503604,0.04231445288718954,0.03966463953666331,0.015541844452807693,0.0018210926166021268,0.0
5500.550055005501,0.808,0.803,5.174017902308282e-05,0.018186491441837992,0.04213584066253516,0.10056052103974474,0.008206294563288155,-0.8897798917520583,4.5549618359139465,7.095822611097138e-06,0.017166182409001335,0.08170376187497266,0.026298940307828696,0.05543838531565775,0.13336232166314424,3.0306505708880174,1.6664557231019473e-05,0.014869087926287864,0.1609073214221122,0.03315026323337114,0.10569529288431793,1.215713076486498,3.3762905095702656,6.790112085901348e-05,0.021100872271174135,0.33461725599469255,0.04062659370149815,0.020441591225892942,2.850571735393494,1.5990258543555473,1.5305918073416412e-05,0.01830146030314089,0.6324968060574789,0.05444620627575687,0.041272912159618064,2.816393571878885,6.020924683819789,0.04469701843560425,0.007691321376028794,0.0015364631832950337,0.002181556641901637,0.03872701077764845,0.044329099742908884,0.014080224868603244,0.001481146117819021,0.0
5600.560056005601,0.808,0.803,5.174017902308282e-05,0.018186491441837992,0.04213576270210687,0.09931895672704108,0.00367841581755219,-0.1958355526955215,3.9751641236829256,7.095822611097138e-06,0.017166182409001335,0.08170591685808705,0.04923354561120342,0.04753138438415891,-0.45924699665544033,3.5254827012798122,1.6664557231019473e-05,0.014869087926287864,0.16084349098918166,0.03577932339809307,0.10487897171577366,1.0279512005575913,3.8460507296124202,6.790112085901348e-05,0.021100872271174135,0.3346884984580385,0.041090867811858264,0.0226861566227789,2.821636432412476,1.6679683237715155,1.5305918073416412e-05,0.01830146030314089,0.632472814244143,0.05532886069245217,0.041388465832298625,2.7960122459532974,6.086804110230522,0.045380110108300405,0.006343614744673154,0.0014925651244501223,0.0024984869943390775,0.034297466351423944,0.048221473914906055,0.012332150675857599,0.001970451800763162,0.0
5700.570057005701,0.808,0.803,5.174017902308282e-05,0.018186491441837992,0.0421357023851239,0.09701165987756741,0.005982504668185882,0.5154094296919604,3.3648350375030693,7.095822611097138e-06,0.017166182409001335,0.08170709636365191,0.07182852134850264,0.03712630118417984,-1.1877054318713556,4.474818275761681,1.6664557231019473e-05,0.014869087926287864,0.16088176693411096,0.031200241774397123,0.10354246979650353,0.8724023326615803,3.9268709870084617,6.790112085901348e-05,0.021100872271174135,0.33464208381650196,0.04025181839135345,0.024142645201169002,2.787555447439465,1.730356222347437,1.5305918073416412e-05,0.01830146030314089,0.6325015861558346,0.05629725239655429,0.041507322456598134,2.7766160139293885,6.150453958483769,0.04592732249729301,0.005609468216858787,0.0014665056490191786,0.002782638098081769,0.03234702828906001,0.0469209353608705,0.013418414011645504,0.0023118774916537355,0.0
5800.5800580058,0.808,0.803,5.174017902308282e-05,0.018186491441837992,0.042135812615556,0.09468664533477453,0.008113703976231007,0.4117218345558169,3.5536298721260398,7.095822611097138e-06,0.017166182409001335,0.08170566208466153,0.08874911493615222,0.02923051072566943,-2.1367681808512113,5.723724131414984,1.6664557231019473e-05,0.014869087926287864,0.16093714456537056,0.02636609686635221,0.10069802749376096,0.7045329889469746,4.088652116399247,6.790112085901348e-05,0.021100872271174135,0.33459092253475314,0.03951603364399077,0.02552101537600425,2.7414282867402004,1.7966129952311576,1.5305918073416412e-05,0.01830146030314089,0.6324946001008279,0.05726266650191734,0.04163463582595425,2.758484663572176,6.2143024341944475,0.046053909305652826,0.0054548875714683556,0.001459132012936093,0.0031396594125209054,0.03397488939226155,0.042263453093356454,0.013309384856452385,0.0040231586768318065,0.00024850077845262053
5900.590059005901,0.808,0.803,5.174017902308282e-05,0.018186491441837992,0.04213572144020123,0.09335355780795382,0.007801864951501485,0.13004146685499057,3.9052150532454726,7.095822611097138e-06,0.017166182409001335,0.08170664981646543,0.09831335086023134,0.02990321454865615,3.06207375474754,0.8492987710978506,1.6664557231019473e-05,0.014869087926287864,0.16081118949330728,0.034119392512777534,0.09894879561203061,0.49258207540942345,4.267099350946484,6.790112085901348e-05,0.021100872271174135,0.33472033229705206,0.040272386679857705,0.027461870630001044,2.6867384903449074,1.8654435364694262,1.5305918073416412e-05,0.01830146030314089,0.6324819777377295,0.05824342828958441,0.04178348216058008,2.7412474102860793,6.273925745297424,0.04613655122210109,0.005647006568136912,0.0014267973093693275,0.003641560557316348,0.03393954605417923,0.04201363452101301,0.012985799266621755,0.004003022449284654,0.0005830496986274358
6000.6000600060015,0.808,0.803,5.174017902308282e-05,0.018186491441837992,0.04213577061081916,0.0936067968378646,0.005060105029752172,-0.249801626799686,4.348074149628402,7.095822611097138e-06,0.017166182409001335,0.08170671049414223,0.09925908432732297,0.037871053967619736,2.1576199048375715,2.0832425502330256,1.6664557231019473e-05,0.014869087926287864,0.160859226245293,0.03060408378108904,0.09480136001627741,0.31332271128235617,4.301737510716968,6.790112085901348e-05,0.021100872271174135,0.3346663150569104,0.039477645091960306,0.02854936971512867,2.631382209893798,1.9451756405870348,1.5305918073416412e-05,0.01830146030314089,0.6325067954705759,0.059176169724684966,0.04196073343269326,2.7247883236932227,0.04888772949907505,0.04606715700324025,0.00642155600823887,0.0014386422669129995,0.0038328283196568114,0.034380320333257726,0.04073716275510561,0.013644755707580078,0.003916384696219241,0.0006798433291631545
6100.6100610061,0.808,0.803,5.174017902308282e-05,0.018186491441837992,0.042136134089966325,0.09536993473634077,0.0009403845946739683,-1.7722697000572427,5.938789380997351,7.095822611097138e-06,0.017166182409001335,0.08170145765888573,0.0910421890171843,0.046846617303543704,1.4551950742872137,3.1026473059361788,1.6664557231019473e-05,0.014869087926287864,0.16095110276369395,0.024317621315026523,0.08885908922575134,0.12107423326256876,4.324261049393944,6.790112085901348e-05,0.021100872271174135,0.3345723314532606,0.03843914707746544,0.029351363859116728,2.5646014037849008,2.018704276867375,1.5305918073416412e-05,0.01830146030314089,0.6324715802076064,0.05996450666564626,0.0421716270117448,2.70910526795434,0.10859668280470469,0.04558508582615003,0.008109454481709747,0.0014784587118725483,0.0038361622368743298,0.03450055487711617,0.04015338300733229,0.015091999104046551,0.0030564406044263073,0.0006971828018513815
6200.620062006201,0.808,0.803,5.174017902308282e-05,0.018186491441837992,0.04213581701377095,0.09805442220441923,0.005909490343319554,2.56872380609334,1.6807223399630127,7.095822611097138e-06,0.017166182409001335,0.08170751824514873,0.07440366818183299,0.051731599002698504,0.8511816728741405,3.998336590421369,1.6664557231019473e-05,0.014869087926287864,0.16087667052069501,0.030087456317175253,0.08729381421740835,-0.08422806838528378,4.444446482051735,6.790112085901348e-05,0.021100872271174135,0.3346540398095339,0.03856355223365035,0.03056342283318503,2.5058311075654642,2.093206849521371,1.5305918073416412e-05,0.01830146030314089,0.6324637595414869,0.060921360922055336,0.042421767042082,2.6937605774488844,0.1663947483211965,0.04469922066821025,0.011192629796214895,0.0014593381340902043,0.0038775805412646735,0.03451029137906824,0.042783615539508185,0.01426649374275151,0.0023923923108824996,0.0006562392155483598
6300.630063006301,0.808,0.803,5.174017902308282e-05,0.018186491441837992,0.04213591768585109,0.10075960284599185,0.01222878793471764,2.1438479084022224,2.2045198047955363,7.095822611097138e-06,0.017166182409001335,0.08170574803622117,0.051801075123166354,0.050170718058228946,0.26047267493006354,4.813542366056827,1.6664557231019473e-05,0.014869087926287864,0.16080052632113126,0.03498299088331675,0.08639418261590445,-0.28333771949374337,4.46037519088808,6.790112085901348e-05,0.021100872271174135,0.3347363113780459,0.03882635635767006,0.0315358895199953,2.445689713995177,2.1746882099245433,1.5305918073416412e-05,0.01830146030314089,0.6324792126484476,0.061845734669329626,0.0427127080445433,2.6785298353075304,0.22461709661012463,0.04410758245003844,0.016788767326277806,0.001440693907315705,0.003756744052228805,0.037963253642161465,0.036338815143727006,0.017653387783910172,0.0022007859540738926,0.0006515948475566136
6400.640064006401,0.808,0.803,5.174017902308282e-05,0.018186491441837992,0.042135839574537225,0.10236902590709109,0.0181412522256108,1.7841193967658269,2.6745551502659772,7.095822611097138e-06,0.017166182409001335,0.08170576457860693,0.028527084171018943,0.043767679787805214,-0.3902955545086332,5.398633917826783,1.6664557231019473e-05,0.014869087926287864,0.1608927605188288,0.02889251383544495,0.08263443865418373,-0.49259616042985704,4.598217849932959,6.790112085901348e-05,0.021100872271174135,0.3346326208912238,0.037503145239958596,0.031743495819302664,2.373500281215786,2.2527665209039185,1.5305918073416412e-05,0.01830146030314089,0.6324880965143658,0.06275224722744334,0.043043703549786365,2.663299465225429,0.2780468732370647,0.04382527043795627,0.01984193616969176,0.0014712751491890654,0.0033158740989592513,0.03999374389037969,0.031060706060003742,0.020723428786363542,0.0022166586603337567,0.00048692879679457235
6500.650065006502,0.808,0.803,5.174017902308282e-05,0.018186491441837992,0.04213577664084242,0.10227856474954232,0.02260178239787371,1.4611652684814513,3.114583988310182,7.095822611097138e-06,0.017166182409001335,0.08170523566981362,0.024365020940627948,0.03568569795353483,-1.1342929589825612,5.30448485608087,1.6664557231019473e-05,0.014869087926287864,0.16093845698214976,0.02667259457350854,0.08082374873431332,-0.699698676750727,4.906654160013241,6.790112085901348e-05,0.021100872271174135,0.33458654573033897,0.03654693822531632,0.03179793361845797,2.306969962297639,2.3368071109378654,1.5305918073416412e-05,0.01830146030314089,0.6324821987076419,0.06367721929763137,0.04341654363049855,2.6479279167460885,0.33463927453464315,0.043849929510302275,0.016710896077706285,0.0014854897610882907,0.0028413141330285285,0.0392611014254296,0.03321343839598735,0.019882700939163167,0.0022007705815229144,0.00028565547782888334
6600.660066006601,0.808,0.803,5.174017902308282e-05,0.018186491441837992,0.04213576706409187,0.1007546476932077,0.024686042343140275,1.1644706090506807,3.5272742968409787,7.095822611097138e-06,0.017166182409001335,0.08170625554272747,0.0457312194557445,0.027960259204175397,-2.0588657118658835,5.988232057664513,1.6664557231019473e-05,0.014869087926287864,0.16082351737633327,0.03027851441139628,0.08413555324907106,-0.9039376574576736,4.785629796192398,6.790112085901348e-05,0.021100872271174135,0.3347056725399612,0.03702575386119419,0.03231442723353168,2.24500343866116,2.4010356000022313,1.5305918073416412e-05,0.01830146030314089,0.6324835921192589,0.06453592282096797,0.04382945935645772,2.6321008340380487,0.39084664213334364,0.044564888325114925,0.009724865982623697,0.0014341045557232101,0.0025403152937519824,0.03961987859790199,0.036303921508541476,0.01689402139394551,0.0030684262802312227,8.849038140235077e-05
6700.670067006701,0.808,0.803,5.174017902308282e-05,0.018186491441837992,0.04213573852421139,0.09815155946992085,0.024385896610099333,0.8984415191507361,3.8979084670140187,7.095822611097138e-06,0.017166182409001335,0.08170618023813629,0.06889075865357666,0.028004353314296515,3.0853392404067903,1.0347300101180803,1.6664557231019473e-05,0.014869087926287864,0.16087774011376255,0.02816541669690529,0.0836940132621565,-1.1181634013316468,5.065690266522408,6.790112085901348e-05,0.021100872271174135,0.3346449779445373,0.035723475240268726,0.031885052919436795,2.17981419671735,2.4937515824010745,1.5305918073416412e-05,0.01830146030314089,0.6325117275238411,0.06553462733558532,0.04427937776765595,2.615667162523306,0.4477995595944213,0.045297285577889854,0.00714157876471949,0.0014483255157482064,0.0022386057599883373,0.03920686265062869,0.03630189507225634,0.015420226689313414,0.004404508536754712,5.56240711158118e-07
6800.680068006801,0.808,0.803,5.174017902308282e-05,0.018186491441837992,0.042135821162882225,0.09514127373456936,0.022338778146887256,0.6974670390967102,4.187445977618561,7.095822611097138e-06,0.017166182409001335,0.08170364987243275,0.08639685969578446,0.0372221253585299,2.149770585865764,2.258239504054105,1.6664557231019473e-05,0.014869087926287864,0.16090220365696759,0.02984505433250436,0.08391071108336823,-1.3377911938295848,5.425267821947254,6.790112085901348e-05,0.021100872271174135,0.33462757106985425,0.03486740381111975,0.031248832796559198,2.1165227098678097,2.5862632075244676,1.5305918073416412e-05,0.01830146030314089,0.6324771870226867,0.06633308508225635,0.044757504437332576,2.598606417359698,0.5045511785146166,0.04601559948494027,0.005911815097268236,0.0014646995415695807,0.002008944105145072,0.036320303067825827,0.03942042379419708,0.014584258104684444,0.004213068315841895,0.0
6900.6900690069015,0.808,0.803,5.174017902308282e-05,0.018186491441837992,0.042135825409250566,0.09288268034288845,0.019550334101636077,0.610090138424265,4.348290167544796,7.095822611097138e-06,0.017166182409001335,0.08170609075676129,0.09710932733710341,0.047079820798430046,1.447350029440097,3.2833020416042658,1.6664557231019473e-05,0.014869087926287864,0.16087112428152014,0.034269251865686017,0.08443196396151616,-1.5345431840930837,5.5370949327917245,6.790112085901348e-05,0.021100872271174135,0.3346522457884989,0.03468837748986095,0.030575727972014324,2.0647549381677557,2.6642533948004328,1.5305918073416412e-05,0.01830146030314089,0.6325053946806247,0.06718775753964323,0.045261522770939665,2.5804095704723893,0.5611534257085973,0.04612590785218107,0.005375806161742602,0.0014836920972840506,0.001856116879508929,0.0350800122352902,0.041352863285777364,0.014579120212275328,0.003576326539136754,0.0
7000.700070007001,0.808,0.803,5.174017902308282e-05,0.018186491441837992,0.04213582608419087,0.09210534814681416,0.018103115494247812,0.6671439660128206,4.355278840048522,7.095822611097138e-06,0.017166182409001335,0.08170434842131238,0.09890065283923839,0.05357833788231378,0.8292050623096233,4.234613451961632,1.6664557231019473e-05,0.014869087926287864,0.1608613802400697,0.0369913602043748,0.08535946691530266,-1.7424694584399356,5.817104764403945,6.790112085901348e-05,0.021100872271174135,0.3346634668863736,0.03411305208676386,0.029730475505563382,2.0079891411381534,2.74095600637688,1.5305918073416412e-05,0.01830146030314089,0.6324977463449255,0.06806905231597507,0.04576611227825243,2.561461383264087,0.620376749812122,0.04614324743168313,0.005277717949794207,0.0015062407544729137,0.0017144511144568358,0.03275734219709375,0.04688157450571774,0.013335101483513174,0.0023282180369371686,0.0
7100.710071007101,0.808,0.803,5.174017902308282e-05,0.018186491441837992,0.04213594981146385,0.09300120335404764,0.01986828000439158,0.7589239863206424,4.328667334344004,7.095822611097138e-06,0.017166182409001335,0.08170247386655749,0.09194563418974566,0.05554160609375097,0.23283639843410917,5.15038036341661,1.6664557231019473e-05,0.014869087926287864,0.1608383911053282,0.04472451626265434,0.08325947975902631,-1.9620314907456935,6.122059828915011,6.790112085901348e-05,0.021100872271174135,0.3346928970253453,0.03479641573687743,0.02819290864122025,1.9590331110580352,2.8348338672267808,1.5305918073416412e-05,0.01830146030314089,0.6324983450715592,0.0689730865211597,0.04627842119501629,2.541183058460908,0.6796216240526034,0.04607002120918476,0.005697745817037303,0.0015932672082416,0.0015946425095491133,0.03168696104958469,0.04979901308354506,0.012887490614979598,0.0014658742073483388,0.0
7200.720072007201,0.808,0.803,5.174017902308282e-05,0.018186491441837992,0.042135958102137466,0.09500791087890278,0.024401707476860584,0.7329448716247445,4.432252336086911,7.095822611097138e-06,0.017166182409001335,0.08170405109113686,0.076794175939899,0.053213973601983516,-0.35793401139458697,6.040051834193179,1.6664557231019473e-05,0.014869087926287864,0.16088053233348984,0.04394259263928913,0.08989060729565033,-2.1621352712777564,0.3926036134962283,6.790112085901348e-05,0.021100872271174135,0.3346555243646366,0.03020013196938788,0.02756576359976329,1.8799444254387734,2.9879135427473074,1.5305918073416412e-05,0.01830146030314089,0.6324409191679633,0.06968119884725832,0.046791756148541815,2.5199791522389665,0.7407714251521762,0.045550775200234025,0.006185185360273349,0.0015330854775609248,0.0014693659571537693,0.03794301934134761,0.045808256075525744,0.014324406547831575,0.0007960333120460295,0.0
7300.730073007301,0.808,0.803,5.174017902308282e-05,0.018186491441837992,0.042135955086566444,0.09731311786083216,0.029660036447917988,0.5799876115756063,4.679311270961235,7.095822611097138e-06,0.017166182409001335,0.08170270711944269,0.05544593671094989,0.04646410011893714,-0.9636235366036836,0.5956135292585625,1.6664557231019473e-05,0.014869087926287864,0.16080868512597862,0.048256848755901846,0.09420591732910388,-2.3627896114699496,0.7488264557774009,6.790112085901348e-05,0.021100872271174135,0.334722590786348,0.02935458951763396,0.02622097657738634,1.8083418444789687,3.1564062881880064,1.5305918073416412e-05,0.01830146030314089,0.6324738047188113,0.07033685150179768,0.047320668357269745,2.4977772046679942,0.8021632818461306,0.04430760584370769,0.0073546704831902445,0.0015214879215086352,0.0013632665718040235,0.043371549574857636,0.04091503278135164,0.01639241231114452,0.00031643783148171956,0.0
7400.740074007401,0.808,0.803,5.174017902308282e-05,0.018186491441837992,0.04213611838006966,0.09899118041209105,0.03413524196507946,0.3535393368253049,5.012172245382381,7.095822611097138e-06,0.017166182409001335,0.08170201032755979,0.03259200336249182,0.0352091867390739,-1.6511717042031095,1.3014133500371674,1.6664557231019473e-05,0.014869087926287864,0.1609502384362445,0.047445054403605025,0.09268196010782934,-2.5042764322325377,1.048807026161695,6.790112085901348e-05,0.021100872271174135,0.3345732366161456,0.025343167026522416,0.024889709821251348,1.7900314460903057,3.1195925221640657,1.5305918073416412e-05,0.01830146030314089,0.6324852924526866,0.07098040211857662,0.04782793159077761,2.4745852719275687,0.8658155966863639,0.043392738252578854,0.010188407143108785,0.0015898773747547866,0.0013289603221502996,0.04834822058520087,0.03449808087172721,0.01743986695840721,0.001474698448607259,0.0
7500.750075007501,0.808,0.803,5.174017902308282e-05,0.018186491441837992,0.042135854763574926,0.0991598649144872,0.03704441478546536,0.09705451113449244,5.381064054626821,7.095822611097138e-06,0.017166182409001335,0.08170458029969341,0.022998085121135662,0.024744757015965797,-2.6115684342202248,1.5803428157300896,1.6664557231019473e-05,0.014869087926287864,0.16079912937940882,0.04973091950619343,0.09875604819604124,-2.687926542807491,1.3136130007747981,6.790112085901348e-05,0.021100872271174135,0.3347352603752811,0.027588640658970515,0.023204076228456973,1.7202211021711804,3.302655318501016,1.5305918073416412e-05,0.01830146030314089,0.6324835504099008,0.07170204143390288,0.04831146286796276,2.45055761940653,0.9277458105102232,0.042964572076700236,0.010256642153924229,0.0015500291149493917,0.0012445087723291298,0.05793308433663309,0.024023974930904548,0.018246114457214017,0.003711178674747684,0.0
7600.760076007601,0.808,0.803,5.174017902308282e-05,0.018186491441837992,0.04213573989273139,0.09767062246357139,0.03781167269957626,-0.15450049365602214,5.745960054617754,7.095822611097138e-06,0.017166182409001335,0.08170617593684093,0.040886682511692335,0.023800484888884144,2.444166513136143,2.4161760249880704,1.6664557231019473e-05,0.014869087926287864,0.16095017282860805,0.05110309765590169,0.09682698730804042,-2.8525407847081437,1.6060704536611539,6.790112085901348e-05,0.021100872271174135,0.3345770219102483,0.023358497882112618,0.021251233043106294,1.7216978581785916,3.2721531951551994,1.5305918073416412e-05,0.01830146030314089,0.6324921881785867,0.07232088060952235,0.04875832292031181,2.425443914530819,0.9927920190872053,0.04322134832641211,0.008508337452046636,0.0016426179816551034,0.0012203662680211336,0.05408763749933666,0.02823928539672495,0.016409456378321318,0.003944855186126528,0.0
7700.770077007702,0.808,0.803,5.174017902308282e-05,0.018186491441837992,0.042135794471392304,0.09511181936719687,0.03624778000891969,-0.3806323297842532,6.077643205526009,7.095822611097138e-06,0.017166182409001335,0.0817058909692522,0.06371430372677164,0.03188962683053627,1.4082840018387357,3.5859383287343176,1.6664557231019473e-05,0.014869087926287864,0.16080933153158314,0.05032365901118846,0.10302174935090148,-3.0165479900191983,1.8639376322516856,6.790112085901348e-05,0.021100872271174135,0.33472077262810274,0.02620693459021984,0.019451607240026158,1.6731867873040114,3.3625013492908957,1.5305918073416412e-05,0.01830146030314089,0.632497862349074,0.07289060136274146,0.04916639472456344,2.3994479575965895,1.0585105779922923,0.04454400675171499,0.006092906792630551,0.0015905655862444856,0.0011642754738860894,0.051901568539978515,0.032132383710235836,0.014702525735796064,0.003845268400053947,0.0
7800.7800780078005,0.808,0.803,5.174017902308282e-05,0.018186491441837992,0.042135692985845644,0.09212952684248543,0.03307211554560876,-0.5582584020678156,0.061616071866331446,7.095822611097138e-06,0.017166182409001335,0.08170719880357848,0.08236450176976494,0.043724403656142295,0.6385365148500032,4.6204536082911645,1.6664557231019473e-05,0.014869087926287864,0.1609383154411094,0.05176357818519469,0.10161972141422226,3.0892997884972813,2.1146275118060593,6.790112085901348e-05,0.021100872271174135,0.33458553506153554,0.022243291753008716,0.01742969735454419,1.705648825490308,3.39276199412396,1.5305918073416412e-05,0.01830146030314089,0.6324870170491312,0.07354759155768525,0.04951968870685981,2.3726744965923556,1.1258472926123364,0.04568614634276347,0.0050811076295892875,0.0016779111496638688,0.00114985307095791,0.046430271691558084,0.04020368447261707,0.011298903210367988,0.0037457853569738964,5.5590467673560795e-08
7900.790079007901,0.808,0.803,5.174017902308282e-05,0.018186491441837992,0.042135677535564,0.08955426751221379,0.029752574500406484,-0.6576498392806365,0.23412220048477117,7.095822611097138e-06,0.017166182409001335,0.0817075861281841,0.09401462170812935,0.054301215988525664,0.013806868236695762,5.556178637191077,1.6664557231019473e-05,0.014869087926287864,0.16080034429484868,0.05117916129424054,0.10657939144620063,2.9444399833865256,2.388733280630545,6.790112085901348e-05,0.021100872271174135,0.3347328350349827,0.02564456517013887,0.01585529455352694,1.6872237660819478,3.388646452914603,1.5305918073416412e-05,0.01830146030314089,0.6324716620798175,0.0741186071526223,0.049826247650406996,2.345221426363264,1.1928659355735487,0.04609753869209316,0.00437729923219447,0.0016299950395344985,0.0011152151334093232,0.04123986747663966,0.04969251585178045,0.007529549935360143,0.0031026733435834206,3.2534139987827615e-05
8000.800080008002,0.808,0.803,5.174017902308282e-05,0.018186491441837992,0.04213570335655046,0.08834864940020982,0.028099369575537596,-0.6711720159303244,0.30969556179875113,7.095822611097138e-06,0.017166182409001335,0.08170690037991035,0.0976164202920201,0.060187205169543685,-0.5485329631856363,0.1656110866403493,1.6664557231019473e-05,0.014869087926287864,0.1609205352480731,0.048961839053761724,0.10270558202105132,2.76311558270415,2.6174358681518513,6.790112085901348e-05,0.021100872271174135,0.3346014973873464,0.024511981904833526,0.01428996489918465,1.7870521968489366,3.492487760187429,1.5305918073416412e-05,0.01830146030314089,0.632492160038653,0.07474325020769006,0.050072602117774236,2.3172084983915235,1.2601201507857258,0.04613004922884518,0.004316893595652833,0.0017578236814889436,0.001118453469175836,0.03893553619872914,0.05250326789391058,0.007138440284777552,0.00236091676975755,0.000196109383493015
8100.810081008101,0.808,0.803,5.174017902308282e-05,0.018186491441837992,0.0421357262110817,0.08894595110373613,0.029450212064922786,-0.6624737739483003,0.36267596643062294,7.095822611097138e-06,0.017166182409001335,0.0817075442676595,0.09330122057172321,0.059973674645804165,-1.097071470720738,1.0424159746515045,1.6664557231019473e-05,0.014869087926287864,0.1608910273021834,0.04949204380367407,0.10244139122535151,2.605426213195219,2.9234907469223472,6.790112085901348e-05,0.021100872271174135,0.3346400216523501,0.025873058300801402,0.013023855971873013,1.8591276985069065,3.397201279761314,1.5305918073416412e-05,0.01830146030314089,0.632477198662388,0.07543929201412065,0.050250342534677125,2.288969283723552,1.3289010852569652,0.046091348134953386,0.0044794170474722625,0.0017997591745703904,0.0011078002535883829,0.040232699320055985,0.04982582126864237,0.009538808858161003,0.001487990026461535,0.0002610776015363747
8200.820082008202,0.808,0.803,5.174017902308282e-05,0.018186491441837992,0.04213584989922001,0.09091554659066482,0.03340443074786849,-0.7162695363942173,0.4882004776561164,7.095822611097138e-06,0.017166182409001335,0.08170483680738982,0.08092596562287034,0.054189629420489306,-1.660342088449217,1.9151471313233053,1.6664557231019473e-05,0.014869087926287864,0.16093102802599427,0.04592187255144499,0.0999424110177897,2.4096469271513006,3.253293113419864,6.790112085901348e-05,0.021100872271174135,0.3345938392674318,0.026444275277646756,0.011973454486307473,2.0216967694444232,3.3959477070063597,1.5305918073416412e-05,0.01830146030314089,0.6324922182874856,0.0760639118958186,0.050364533061611774,2.2604915013258324,1.3970765376769165,0.045712233440640584,0.0050325282267188074,0.0018889681211398236,0.0011069964318263952,0.04340057625102365,0.04544415063712019,0.01161034151045701,0.0011246843133661982,0.0004122371815598047
8300.8300830083,0.808,0.803,5.174017902308282e-05,0.018186491441837992,0.04213588996506009,0.09335611481454813,0.03816588390717793,-0.8525034716996729,0.7128192187449169,7.095822611097138e-06,0.017166182409001335,0.08170621172928827,0.06159038151059896,0.04406842365334178,-2.2648225031878133,2.784338697386106,1.6664557231019473e-05,0.014869087926287864,0.16089469179351504,0.04637001453026914,0.09769092039897935,2.2391436128049986,3.5982263814387414,6.790112085901348e-05,0.021100872271174135,0.334633190890642,0.028199706898528333,0.011701229479776117,2.178152027903788,3.2548301714040635,1.5305918073416412e-05,0.01830146030314089,0.6324711022021136,0.0766488091904634,0.05040842180205676,2.231722703350468,1.4659851486802822,0.04448740783570631,0.0061371588438661265,0.00195641402884661,0.0011104517311206728,0.049349750525516635,0.0377500455252651,0.013964174527407445,0.0014527133830282532,0.0006091525663096675
8400.840084008401,0.808,0.803,5.174017902308282e-05,0.018186491441837992,0.04213590794328385,0.09545495045780839,0.041929394516048095,-1.0476308770857676,1.0125887362053083,7.095822611097138e-06,0.017166182409001335,0.08170422393003611,0.03860179919538235,0.03092827451830824,-2.9688171354392474,3.618987798662567,1.6664557231019473e-05,0.014869087926287864,0.16094204177413304,0.04278664141889614,0.09841968367450156,2.079677071966728,3.8227652192270356,6.790112085901348e-05,0.021100872271174135,0.3345832032875575,0.026243026189162418,0.011510012779414635,2.3317955415147003,3.1754158766783274,1.5305918073416412e-05,0.01830146030314089,0.6324920408642023,0.0773339524208965,0.05037148923231401,2.2027031166593956,1.5369604074621286,0.04308901754094284,0.007759164578743532,0.0019246369756245614,0.001103246569908075,0.05495018348369183,0.030642340341852807,0.015446359727783635,0.00203919942276149,0.0009571786788553638
8500.8500850085,0.808,0.803,5.174017902308282e-05,0.018186491441837992,0.04213621494657076,0.0964828249793626,0.04369385286558424,-1.2761055313086946,1.3535866104636112,7.095822611097138e-06,0.017166182409001335,0.08170066517953666,0.02128813854748659,0.018679536381677492,2.2144088931097206,4.283124884894905,1.6664557231019473e-05,0.014869087926287864,0.16082528359763618,0.041306531735392546,0.09974728364281,1.8850105855522348,4.330749147500075,6.790112085901348e-05,0.021100872271174135,0.33470501633346683,0.029143681801610127,0.012221826895320993,2.5294872683367275,3.0850533656479726,1.5305918073416412e-05,0.01830146030314089,0.6324930827201747,0.07804101646491074,0.050266447886261494,2.1737813567115998,1.6083691753930172,0.0427038577816648,0.008950257830339658,0.001860007604487352,0.0011017180601384032,0.05989673052907434,0.024649999409773943,0.01717215614339159,0.0030039513833620465,0.0005543310471850527
8600.8600860086,0.808,0.803,5.174017902308282e-05,0.018186491441837992,0.042136007920836265,0.0958310190844754,0.04326713431431182,-1.5109992838996997,1.700970832294188,7.095822611097138e-06,0.017166182409001335,0.08170266347752012,0.0320995848496874,0.02308541955511211,0.7245459636216477,5.090732604778264,1.6664557231019473e-05,0.014869087926287864,0.16093273917450002,0.03671281253353092,0.09744246622370506,1.7499675090019648,4.4289758197832665,6.790112085901348e-05,0.021100872271174135,0.33459032434626607,0.02642515160372618,0.013408678991389502,2.593243772450165,3.058332777115968,1.5305918073416412e-05,0.01830146030314089,0.6324857266774581,0.0787674486614325,0.050096650009975305,2.14482599753442,1.6784409609289357,0.04300209142323967,0.00828849711276249,0.0018835287742747508,0.0011197177210962056,0.056320366534312064,0.02819277267072441,0.01675669100441936,0.0027671952563128313,0.00028986711381684405
