Time,Stellar mass,Stellar radius,Planet 1 mass,Planet 1 radius,Planet 1 semi maj,Planet 1 ecc,Planet 1 inclination,Planet 1 Omega,Planet 1 omega,Planet 2 mass,Planet 2 radius,Planet 2 semi maj,Planet 2 ecc,Planet 2 inclination,Planet 2 Omega,Planet 2 omega,Planet 3 mass,Planet 3 radius,Planet 3 semi maj,Planet 3 ecc,Planet 3 inclination,Planet 3 Omega,Planet 3 omega,Planet 4 mass,Planet 4 radius,Planet 4 semi maj,Planet 4 ecc,Planet 4 inclination,Planet 4 Omega,Planet 4 omega,Planet 5 mass,Planet 5 radius,Planet 5 semi maj,Planet 5 ecc,Planet 5 inclination,Planet 5 Omega,Planet 5 omega,Planet 6 mass,Planet 6 radius,Planet 6 semi maj,Planet 6 ecc,Planet 6 inclination,Planet 6 Omega,Planet 6 omega,N pairs:1-2,N pairs:2-3,N pairs:3-4,N pairs:4-5,N pairs:5-6,1 Planets,2 Planets,3 Planets,4 Planets,5 Planets,6 Planets
0.0,0.942,0.967,2.3767929552338295e-05,0.02306390400451566,0.06714698067038988,0.0472889752938541,1.4803005943646033,0.0,4.532539891397338,4.735431006336028e-06,0.010099140480426903,0.09097213399629756,0.03872785976392005,1.4927958592324653,0.0,5.401838032100693,1.5033524753829133e-05,0.015229456241845457,0.19777998818232384,0.03691383322863155,1.4881601281797803,0.0,2.7940163157058233,6.329077847320818e-06,0.011419859941418541,0.2451524747024404,0.030146102204836326,1.5081387867896252,0.0,2.6141442353151145,3.2750328000349656e-05,0.03210194637200156,0.3342041804150646,0.026631774965724126,1.4784193182213008,0.0,2.1816763181665912,7.84396577192521e-06,0.015141169927020191,0.43232971064922876,0.030271933911190537,1.4914002011357803,0.0,3.805243799498025,0.049492437550721476,0.022761726568388048,0.014044174151423172,0.006320477179364147,0.00768818284989395,0.017610440917906367,0.02239020661911314,0.005946788382708575,0.010147112805125622,0.0052879148127863065,0.005720414930987826
100.01000100010002,0.942,0.967,2.3767929552338295e-05,0.02306390400451566,0.06714619101096049,0.050273447602447514,1.4821093436934023,0.002502591667966952,4.757403020782715,4.735431006336028e-06,0.010099140480426903,0.09097963186259439,0.009295889605104126,1.4848549165724885,-0.009735909418132824,4.438019125092818,1.5033524753829133e-05,0.015229456241845457,0.197787774227473,0.03500715880237778,1.4891749695002743,0.001546978954978359,2.916477672330082,6.329077847320818e-06,0.011419859941418541,0.24515348262229494,0.030666916019289746,1.5042967450193605,-0.012139473190712619,2.6792170987212565,3.2750328000349656e-05,0.03210194637200156,0.33420245334085974,0.02920379705796217,1.4788313695039832,0.0020913344968641434,2.2824826006205665,7.84396577192521e-06,0.015141169927020191,0.43228493922085853,0.023030430461914067,1.4909491539758373,-0.002578574766563104,4.124254090155358,0.0494184041991655,0.02275770551762723,0.013921594096288997,0.006500728214977026,0.007686558179146986,0.017704851659784405,0.022121852171912103,0.006517191808428704,0.009685042549218167,0.0052825816800797,0.00581173598952683
200.02000200020004,0.942,0.967,2.3767929552338295e-05,0.02306390400451566,0.06714704660714067,0.04568446512419233,1.4846890112974065,0.0014378424746749549,4.97232114908166,4.735431006336028e-06,0.010099140480426903,0.09097264992628816,0.04208849889036479,1.4736217922259285,-0.003699846134377115,4.099940296399291,1.5033524753829133e-05,0.015229456241845457,0.1977800420694991,0.03380996126314992,1.49167855445923,0.0016550559250218169,3.01734836421001,6.329077847320818e-06,0.011419859941418541,0.2451593208474834,0.031242750236995354,1.4942949758511912,-0.0197509303662529,2.7836631874348825,3.2750328000349656e-05,0.03210194637200156,0.33420668406584253,0.031184909455033216,1.4799537214430583,0.003809795954755828,2.389614694697787,7.84396577192521e-06,0.015141169927020191,0.4322960322276827,0.016276193231914895,1.489697774622772,-0.004805945158130107,4.567280647423248,0.049505622523013666,0.022756718050214307,0.013569710309160111,0.007015390038532377,0.007681750692418705,0.017587158931672748,0.02159835538690367,0.008240632997728228,0.00829321042713627,0.005341140687458704,0.006032283023786808
300.03000300030004,0.942,0.967,2.3767929552338295e-05,0.02306390400451566,0.06714617769053288,0.03844266625524823,1.4840684171783067,-0.0010536553115488908,5.025979476603082,4.735431006336028e-06,0.010099140480426903,0.09097944244139368,0.06477516548001792,1.4767284553881463,0.008792719529844882,4.708690032078822,1.5033524753829133e-05,0.015229456241845457,0.1978117714520429,0.03210086805949115,1.4943192951677398,-0.000422363791376576,3.1200569154162654,6.329077847320818e-06,0.011419859941418541,0.24507504414454023,0.03099521424015941,1.4820677606805608,-0.020082724375836213,2.864462714869564,3.2750328000349656e-05,0.03210194637200156,0.33419523300524673,0.0326547665634265,1.4815438873614142,0.00489236212537574,2.5071709371975466,7.84396577192521e-06,0.015141169927020191,0.4323514094542909,0.011761921539312973,1.4877458970388393,-0.006375598492180499,5.327582662132012,0.04962244360375815,0.02275050210376771,0.01306866904907799,0.007841208003664108,0.007730367007217484,0.017430269997028583,0.021092840388898942,0.010004766468199384,0.006908948254894859,0.005307718633316783,0.006308169858448175
400.0400040004001,0.942,0.967,2.3767929552338295e-05,0.02306390400451566,0.06714718462844427,0.038783409562241196,1.481350101832673,-0.000720535352408614,4.949302954145627,4.735431006336028e-06,0.010099140480426903,0.0909717957663124,0.06185361192578402,1.4894567244895283,0.008804231568643394,5.355973464735189,1.5033524753829133e-05,0.015229456241845457,0.19778126984932606,0.030834949958370314,1.4956057075306317,-0.00440042516259047,3.2000022732526,6.329077847320818e-06,0.011419859941418541,0.24516255527672873,0.031122956733223253,1.4723876015914505,-0.013323941545753394,2.9972846201294256,3.2750328000349656e-05,0.03210194637200156,0.3341825454909537,0.033510581535609416,1.4832819531643124,0.005281873072694634,2.626040842266365,7.84396577192521e-06,0.015141169927020191,0.4324410922745037,0.013466458992320941,1.4853036017850663,-0.0071605210198502495,0.022916263552851923,0.04960818462688796,0.02275219608683078,0.012517399474031767,0.008893575311048322,0.007813988496084447,0.01744480963240402,0.020629539664522814,0.011326019445472903,0.005919562765666399,0.005126451462610385,0.006607092183481981
500.0500050005001,0.942,0.967,2.3767929552338295e-05,0.02306390400451566,0.0671463794002678,0.04539856398468027,1.4809785475962127,0.00235600206395129,5.0308920741036,4.735431006336028e-06,0.010099140480426903,0.09097883360657537,0.03575685120526716,1.4922229915019678,-0.003402717008956889,5.976003053681548,1.5033524753829133e-05,0.015229456241845457,0.19778932231048474,0.029309849020198748,1.4945300792731686,-0.009167824337646518,3.2934969998207966,6.329077847320818e-06,0.011419859941418541,0.2451309385035964,0.029878370540350786,1.468945278141737,-0.0024790057769260316,3.094431794196165,3.2750328000349656e-05,0.03210194637200156,0.3341831174015352,0.033638019183141764,1.4848563656101592,0.0050805038346723895,2.754178329751106,7.84396577192521e-06,0.015141169927020191,0.4324812323710441,0.020925927671180667,1.4826833927210044,-0.007115805754888737,0.6820719493951604,0.04947782733785466,0.02274918109472234,0.012022558647359837,0.010092392470840017,0.007882827625162766,0.017613870019571116,0.020209147875994902,0.012247048453854489,0.005214748357427508,0.00493097354151259,0.00687590910906518
600.0600060006001,0.942,0.967,2.3767929552338295e-05,0.02306390400451566,0.06714708351783959,0.04798692446823827,1.4838470952666536,0.0037715252593373454,5.262503163040301,4.735431006336028e-06,0.010099140480426903,0.09097243324234743,0.008223848647446267,1.481085747941035,-0.008591507019905164,4.793239452518918,1.5033524753829133e-05,0.015229456241845457,0.19778210507152638,0.028113378472056142,1.4908964128355697,-0.01320895939733368,3.3617890602302616,6.329077847320818e-06,0.011419859941418541,0.24516082744317563,0.029771084771848248,1.472797043174769,0.007836099748843642,3.188647475732294,3.2750328000349656e-05,0.03210194637200156,0.3341773197806108,0.03243326099202203,1.4861008589058147,0.004505176042497437,2.8856234021993075,7.84396577192521e-06,0.015141169927020191,0.4325390653560368,0.030944956834496263,1.4801534552096063,-0.006283894985904658,1.1482646234513796,0.04942138635544794,0.02274844695145737,0.01162644573693131,0.011266308626533324,0.00790104904186314,0.01768586181505652,0.01993029398390386,0.012905386752239059,0.00465152221257186,0.004971973127101169,0.006962210279631996
700.0700070007001,0.942,0.967,2.3767929552338295e-05,0.02306390400451566,0.067146701502494,0.04318059649583292,1.485958824435473,0.0015823472381796156,5.4850357049113905,4.735431006336028e-06,0.010099140480426903,0.09097681168529884,0.04263671560288199,1.473533524809446,0.0016340036930648037,4.589780898128455,1.5033524753829133e-05,0.015229456241845457,0.1977978360597599,0.026793671363350223,1.4854177107687965,-0.015103964950505751,3.4334842287677794,6.329077847320818e-06,0.011419859941418541,0.24510153522079944,0.028642913478314793,1.4820217360652481,0.013295578487520976,3.3233121333997753,3.2750328000349656e-05,0.03210194637200156,0.33416511913611713,0.0302922537254127,1.486948882724238,0.0037864990218777718,2.989452703566524,7.84396577192521e-06,0.015141169927020191,0.4325852395118047,0.039457398822533046,1.4781087843858047,-0.004738504559126264,1.5190309418958021,0.049505661383366366,0.022744988319599396,0.011374960383631949,0.012149389879245062,0.00790999536524514,0.017572508358742356,0.01977846137106367,0.013367302015128662,0.004450261083595786,0.004929594811347218,0.006980042102231033
800.0800080008001,0.942,0.967,2.3767929552338295e-05,0.02306390400451566,0.0671470842224803,0.03635675795338372,1.4844639526214094,-0.0006077239343366993,5.528483670961463,4.735431006336028e-06,0.010099140480426903,0.09097257298648699,0.06296853429189439,1.4819382065713884,0.011343077632347648,5.219647181161564,1.5033524753829133e-05,0.015229456241845457,0.19778139667440275,0.026293826218025534,1.4795529554668516,-0.01406780760618908,3.4962866485785833,6.329077847320818e-06,0.011419859941418541,0.2452054995774446,0.027040444667273587,1.4925608930330159,0.011676497096636942,3.429190972307986,3.2750328000349656e-05,0.03210194637200156,0.3341700289190772,0.027817503626867204,1.4875235564888485,0.0030781676213131534,3.0581846916352635,7.84396577192521e-06,0.015141169927020191,0.4324613418857644,0.04623271265416129,1.4766481419930966,-0.0025869592368663683,1.8189867111490354,0.049614692047564087,0.02272026479831672,0.011286571241920547,0.012350964050841188,0.007917540187534263,0.01740063066443161,0.01985925822074346,0.01305506153470875,0.005123533403260383,0.004763988280226115,0.006838860651801879
900.0900090009002,0.942,0.967,2.3767929552338295e-05,0.02306390400451566,0.06714683046737491,0.03713691309736524,1.4822421599619078,0.0005905284967298003,5.437876318878408,4.735431006336028e-06,0.010099140480426903,0.09097684294710659,0.05974461992975043,1.493400798925948,0.005545230667748503,5.9023362165247,1.5033524753829133e-05,0.015229456241845457,0.19778562737898364,0.02565738054139005,1.4750168625686826,-0.010299085000675168,3.587797470657027,6.329077847320818e-06,0.011419859941418541,0.24513188021187832,0.024802931856273542,1.4998040096526657,0.0036271472329265936,3.5690614064714126,3.2750328000349656e-05,0.03210194637200156,0.33420221134752665,0.025489999834129928,1.4879905647457656,0.0024246283657699185,3.093204899433255,7.84396577192521e-06,0.015141169927020191,0.43234203403838223,0.051769141555460384,1.475880956475761,-9.969344577206766e-06,2.0798418802534684,0.04959266561326661,0.022742144848328264,0.011399109204949614,0.011801170964925094,0.007892925242030344,0.017449878857204455,0.019901390528334326,0.012233626457410588,0.005868248415300584,0.005358915577289835,0.0062333755123164985
1000.1000100010002,0.942,0.967,2.3767929552338295e-05,0.02306390400451566,0.06714716825063008,0.043643099725100984,1.48317738451776,0.0032174693099944764,5.5312399792809295,4.735431006336028e-06,0.010099140480426903,0.09097243134603232,0.03389649575935937,1.4905401608167608,-0.006877636856431563,0.23390745381143319,1.5033524753829133e-05,0.015229456241845457,0.19778463357563741,0.025357800815372752,1.473098792603034,-0.005055326748012517,3.675990358175039,6.329077847320818e-06,0.011419859941418541,0.2451605527607629,0.021803607635728556,1.5005158562200627,-0.007502330421942483,3.634700737109781,3.2750328000349656e-05,0.03210194637200156,0.33420741286581357,0.02326094017038199,1.488467876526711,0.0017387760443851844,3.095748234592394,7.84396577192521e-06,0.015141169927020191,0.4322621988199091,0.05618161921356363,1.4758471651299165,0.002797285143786385,2.3167544457642695,0.049474890218431294,0.02274480217171831,0.011673672140055602,0.010822328160322409,0.00779924962618922,0.01760551198383249,0.020044204516602195,0.011194551848579686,0.006204065956296687,0.006747402706362064,0.005284665190590673
1100.1100110011,0.942,0.967,2.3767929552338295e-05,0.02306390400451566,0.06714691317082482,0.0462092317693518,1.4862031239582574,0.002918823613914709,5.775618885157582,4.735431006336028e-06,0.010099140480426903,0.0909745053234002,0.008116376715416386,1.4780478695578299,-0.006567881815088998,4.992178378313213,1.5033524753829133e-05,0.015229456241845457,0.19778535568977748,0.0243682505373153,1.4740542885632384,-7.638335811218458e-05,3.810693345355099,6.329077847320818e-06,0.011419859941418541,0.24513586893345019,0.020193344877454313,1.4941139099827436,-0.017094069263527155,3.6851308826275146,3.2750328000349656e-05,0.03210194637200156,0.3342152061812699,0.021694290081238604,1.4889516719378095,0.0008905378247797425,3.0547645772666563,7.84396577192521e-06,0.015141169927020191,0.43225218055209574,0.059594084793910825,1.4765756655509727,0.005570607868770869,2.5417032294921285,0.04942017391570744,0.022743599279103945,0.01206948714348849,0.00975912320833727,0.007626881079449976,0.01767598319570024,0.02030514118616967,0.010198694386939983,0.006370697563515671,0.008136580413396006,0.004409060365686113
1200.1200120012002,0.942,0.967,2.3767929552338295e-05,0.02306390400451566,0.06714716728475173,0.04137415585721745,1.486844580857816,-6.814712715427681e-05,5.994240551306274,4.735431006336028e-06,0.010099140480426903,0.09097407961920406,0.04209061968804047,1.475678216435909,0.005659403081109225,5.083792749436845,1.5033524753829133e-05,0.015229456241845457,0.19778215229679627,0.023361874109633606,1.477046658369468,0.0031384974112398925,3.9137159674617497,6.329077847320818e-06,0.011419859941418541,0.24522122512794275,0.01743660380167673,1.4829185522629416,-0.02108673495681793,3.7450277260955716,3.2750328000349656e-05,0.03210194637200156,0.3341858671341834,0.02096223744222728,1.4892990763213252,-0.00021449882509576038,2.982797790594798,7.84396577192521e-06,0.015141169927020191,0.4323185354403774,0.062032999524766465,1.4781204285066596,0.008069198944869066,2.762799976884061,0.04950485337660167,0.022742874556391207,0.012514104864213591,0.008799637692432947,0.007419936023909113,0.01756258783380391,0.02080345785682135,0.009184748668049122,0.0065383521788338105,0.00919530690390128,0.0037829877689961044
1300.1300130013003,0.942,0.967,2.3767929552338295e-05,0.02306390400451566,0.06714691601770534,0.03451855746340326,1.4842596728185031,-0.001393568268871652,6.024342213406603,4.735431006336028e-06,0.010099140480426903,0.09097404221849463,0.0623309462618472,1.4873100468627367,0.010704494509207614,5.750890825577845,1.5033524753829133e-05,0.015229456241845457,0.19778385911705126,0.02209242865644553,1.4806533199978689,0.003918947268284659,4.074389934509174,6.329077847320818e-06,0.011419859941418541,0.24513624705437745,0.01614060630438258,1.4711950310205995,-0.017611929783772996,3.7895770768268453,3.2750328000349656e-05,0.03210194637200156,0.3341897199694773,0.02149970597274276,1.4892953915667635,-0.0015728980375473666,2.8943014838236074,7.84396577192521e-06,0.015141169927020191,0.4324317251997485,0.06325516114729349,1.480453064125364,0.010109456332765639,2.986616452935989,0.049609911683891644,0.02274136535831597,0.012954905313430767,0.008060267395693465,0.007195539000718343,0.01718925945579994,0.021889924836640658,0.0078111161561995645,0.006873293007982922,0.009885538260257988,0.003383624188405321
1400.1400140014002,0.942,0.967,2.3767929552338295e-05,0.02306390400451566,0.06714716110460797,0.03577058671952633,1.4825616751806048,0.000777814845354957,5.933109315574027,4.735431006336028e-06,0.010099140480426903,0.09097343836409862,0.05814663327878023,1.4949310216794691,0.00047710376450209676,0.14164184740033292,1.5033524753829133e-05,0.015229456241845457,0.1977876133404997,0.020131916579215994,1.483355408615352,0.002526188362934384,4.208757661778687,6.329077847320818e-06,0.011419859941418541,0.24515256324628046,0.013920345951205424,1.4635727574038557,-0.007706871990753708,3.8339849389819283,3.2750328000349656e-05,0.03210194637200156,0.33416356146305715,0.023140798816155158,1.4887729025576792,-0.003030234084834175,2.827790678732967,7.84396577192521e-06,0.015141169927020191,0.4325499559881463,0.06299968992452207,1.483419471720031,0.011483902186241767,3.2180528749892456,0.04958514682419573,0.022739050414310357,0.013320534255813239,0.007596666037829816,0.006944578144366279,0.017375781276922825,0.021979762432424766,0.006992256300582847,0.007438231720476155,0.009979267112764787,0.00327311908407798
1500.1500150015004,0.942,0.967,2.3767929552338295e-05,0.02306390400451566,0.06714699740983669,0.04264745132115659,1.4844076093369751,0.0028842918361325688,6.034006221165058,4.735431006336028e-06,0.010099140480426903,0.09097434230654547,0.03132693808297145,1.4868995646777785,-0.009349931158592844,0.7915863572780619,1.5033524753829133e-05,0.015229456241845457,0.19777785516258248,0.01863895050726572,1.4841314556320577,3.8658750228242846e-05,4.412401256466169,6.329077847320818e-06,0.011419859941418541,0.24515908031955316,0.012276930350498799,1.463083522393672,0.004883968453109871,3.7573380714503313,3.2750328000349656e-05,0.03210194637200156,0.33420227192499696,0.026255561082835256,1.4876580347356734,-0.004313036953121634,2.797215738515124,7.84396577192521e-06,0.015141169927020191,0.43243197639624475,0.06024996828999534,1.4868272660690527,0.011985768681434649,3.469562050032882,0.04946555124040684,0.022738855597953307,0.013524573917631438,0.007409246772557486,0.0066804551289532735,0.017609247901186315,0.02190018909088094,0.006840334738300786,0.007541913744636907,0.009681792066255461,0.003501321600332743
1600.1600160016003,0.942,0.967,2.3767929552338295e-05,0.02306390400451566,0.0671470019331417,0.04489557208403008,1.4870226213022697,0.0014619272111732506,6.278609041971766,4.735431006336028e-06,0.010099140480426903,0.09097383965405358,0.008098514841845364,1.4755460050366864,-0.0036302398130327713,5.365244744725928,1.5033524753829133e-05,0.015229456241845457,0.1977867716118185,0.015402870434031633,1.482784773745353,-0.0020478134653341795,4.6022383209063715,6.329077847320818e-06,0.011419859941418541,0.24517453260758548,0.010955935895700644,1.469935642316768,0.015247996442638929,3.790498074604972,3.2750328000349656e-05,0.03210194637200156,0.3341637875129597,0.030158912335397164,1.486060566725354,-0.005121104707531351,2.8374359702413514,7.84396577192521e-06,0.015141169927020191,0.43253707588020496,0.054003064090182344,1.4903063663239566,0.011462866195039112,3.721071413941742,0.049420521216069435,0.02273532506424572,0.013555634883086821,0.007508884455285483,0.006425409149957114,0.017667500876995507,0.02175891774219416,0.007256810495286088,0.0075616094798546685,0.00878867286627303,0.00405451063246149
1700.1700170017002,0.942,0.967,2.3767929552338295e-05,0.02306390400451566,0.06714714835209008,0.03981446942939269,1.4863032718455482,-0.0014365100252802295,0.21524608042139182,4.735431006336028e-06,0.010099140480426903,0.09097298207584681,0.04314426998428078,1.4788540605246432,0.008507296232012554,5.600711502975883,1.5033524753829133e-05,0.015229456241845457,0.1977805816239469,0.013273700280828056,1.480073000940438,-0.002433190290814232,4.845119048606666,6.329077847320818e-06,0.011419859941418541,0.24514130115387214,0.009627898220502619,1.4813928378280472,0.019480555448835597,3.714013759177779,3.2750328000349656e-05,0.03210194637200156,0.33418657809772695,0.03372105384178127,1.4842160200426209,-0.005211116702259093,2.919857781899312,7.84396577192521e-06,0.015141169927020191,0.4324607325676129,0.046351129698926456,1.493572665179109,0.009802190896555443,3.9337899656365454,0.049509904893061854,0.022734648171742512,0.013438126096166828,0.00787127145757994,0.0062408984238506455,0.01754904907185188,0.021767506881523055,0.0075824091612360905,0.008016272743438918,0.007228454900408755,0.004915261206455027
1800.1800180018004,0.942,0.967,2.3767929552338295e-05,0.02306390400451566,0.06714674982604617,0.03347327477663533,1.4834667321124801,-0.0014956999516269802,0.2338218678469346,4.735431006336028e-06,0.010099140480426903,0.09097566183179509,0.06180556104936986,1.4913917521845017,0.007972585884618565,6.261823635517362,1.5033524753829133e-05,0.015229456241845457,0.19778541241633174,0.009946062307258552,1.4774446867125504,-0.0005632093494302659,5.179038714206335,6.329077847320818e-06,0.011419859941418541,0.24515105280475535,0.008745581629522693,1.4928229855042536,0.016066595616737667,3.652860920609273,3.2750328000349656e-05,0.03210194637200156,0.3341946901919612,0.03653106269980659,1.4824780462055855,-0.0045310097831319975,3.0269899266245055,7.84396577192521e-06,0.015141169927020191,0.4323593842737327,0.03820782217931372,1.4963220521472607,0.007158381226594206,4.123067041913663,0.04960578061105763,0.022732336123213123,0.013205655420338882,0.008424460218434642,0.006100170572601736,0.01742237178412617,0.02173929052203079,0.008056108596008103,0.008432969226623314,0.005476079450078125,0.0059013328163173
1900.1900190019003,0.942,0.967,2.3767929552338295e-05,0.02306390400451566,0.06714716013587987,0.03540445947425519,1.4828726738090363,0.001144337320032135,0.1324128129664368,4.735431006336028e-06,0.010099140480426903,0.09097348353908369,0.056596444683407715,1.4937487665428335,-0.004538071192533219,0.6781575825359862,1.5033524753829133e-05,0.015229456241845457,0.19778171283097257,0.00766013001330393,1.4764145593047662,0.003013876550325784,5.535737788727972,6.329077847320818e-06,0.011419859941418541,0.2451476342823087,0.007166105076430943,1.4996910357661193,0.006667948933744889,3.458816648930529,3.2750328000349656e-05,0.03210194637200156,0.3342071197017152,0.03874065557340547,1.4811843612699847,-0.003225284225266375,3.1408062929210914,7.84396577192521e-06,0.015141169927020191,0.43230051060281216,0.029921628202176975,1.4982761160344933,0.0037552614164163218,4.286024012799311,0.04957627398449857,0.022731846371360435,0.01290694781987861,0.009050204108449932,0.00598510663942914,0.017460395754943167,0.021411771251492732,0.00889752847475032,0.007731360037611349,0.00555050758121503,0.00598510663942914
2000.2000200020004,0.942,0.967,2.3767929552338295e-05,0.02306390400451566,0.06714684649124772,0.042224189639739604,1.4853709822824734,0.0021448748035872447,0.24247079743496602,4.735431006336028e-06,0.010099140480426903,0.09097489050649836,0.030299632133289442,1.482150391695542,-0.009733187169050141,1.312761748093508,1.5033524753829133e-05,0.015229456241845457,0.1977854131892031,0.006569605298028105,1.4777924920967689,0.006904013734567976,0.008438594328711524,6.329077847320818e-06,0.011419859941418541,0.24513861701991216,0.007881358918073312,1.4993298749150552,-0.004673478548647323,3.2416090457019076,3.2750328000349656e-05,0.03210194637200156,0.3342084522002025,0.04033227120546267,1.4805620294683484,-0.0016143602982242884,3.2650865829692,7.84396577192521e-06,0.015141169927020191,0.4323046132470295,0.02164185186545319,1.4992161540613278,-4.7527495988659216e-05,4.422021905125999,0.04946211867869184,0.022731068323643314,0.012633702734227068,0.009654933291547313,0.005898708942754896,0.01761041738836031,0.021024276893288465,0.009874869099807415,0.006507229999207557,0.0061629081539087685,0.005892834532479632
2100.2100210021003,0.942,0.967,2.3767929552338295e-05,0.02306390400451566,0.06714705847870181,0.04440111643507922,1.4869306619714926,-0.0002401807436550272,0.4958309429122263,4.735431006336028e-06,0.010099140480426903,0.09097337225957192,0.010128880549173895,1.4744440125452456,0.00025970160916211147,5.760111304217361,1.5033524753829133e-05,0.015229456241845457,0.19778703333538167,0.006735687186124515,1.4813404952108131,0.009535018169353272,0.7003883866438283,6.329077847320818e-06,0.011419859941418541,0.24511976083890302,0.008021739269481432,1.4919824118865956,-0.013230989639929202,2.998834334648034,3.2750328000349656e-05,0.03210194637200156,0.3342032442244361,0.04134358209458379,1.4806705767583541,-5.005634523063539e-05,3.389365606673293,7.84396577192521e-06,0.015141169927020191,0.4323500778048614,0.01314370279334077,1.4989581251016537,-0.003910870433735744,4.511840225948867,0.049422604289673204,0.02273093235737746,0.012439361989002333,0.010172398509337223,0.005906517189050112,0.017662393304394123,0.02076693939215154,0.010515219508449818,0.005657933689636177,0.006813271237826812,0.005669240461608875
2200.2200220022,0.942,0.967,2.3767929552338295e-05,0.02306390400451566,0.06714661639156642,0.039461340140521675,1.4848667174809123,-0.002481715570868657,0.7044059870303849,4.735431006336028e-06,0.010099140480426903,0.09097777522864421,0.04397360470479759,1.482588446897969,0.009965784153852941,6.106357065458856,1.5033524753829133e-05,0.015229456241845457,0.1977829054332283,0.00980986216854342,1.485881088884207,0.00981969173768605,1.2120855036957332,6.329077847320818e-06,0.011419859941418541,0.24514457474522175,0.010570528117897863,1.4809109270201546,-0.015326802850215301,2.907984255880633,3.2750328000349656e-05,0.03210194637200156,0.3341903210688606,0.041745279455205654,1.4813450114302817,0.001192587673353688,3.522333246248688,7.84396577192521e-06,0.015141169927020191,0.4324264960102476,0.00451154876729277,1.4975339365748281,-0.007580936607692835,4.204652695991937,0.04951088029597501,0.022732563091402223,0.012288426104784768,0.010438778686591217,0.005996556849513333,0.017546724702922425,0.020467193711023526,0.011042506970443716,0.005152875906916155,0.007795418847179521,0.005052884860412081
2300.2300230023006,0.942,0.967,2.3767929552338295e-05,0.02306390400451566,0.06714703813728631,0.03339431179734377,1.48216629759509,-0.0011010482590239296,0.7040415098755552,4.735431006336028e-06,0.010099140480426903,0.09097251257515314,0.062166696763862585,1.4936190901655915,0.004056283794748953,0.5100499158699296,1.5033524753829133e-05,0.015229456241845457,0.19778186545604176,0.012857359069141748,1.4898382848637244,0.007577781787924892,1.617928894490941,6.329077847320818e-06,0.011419859941418541,0.2451575159024671,0.01218915263417907,1.470906475412636,-0.009971976956587202,2.9297188021612808,3.2750328000349656e-05,0.03210194637200156,0.33417002453676653,0.04133753502609845,1.482302640894242,0.0019614836796825173,3.658805005170953,7.84396577192521e-06,0.015141169927020191,0.4325297913888699,0.007765188518363509,1.4951389259697756,-0.010765024251926963,2.439561662156141,0.04960972743224944,0.02273425321823238,0.012217451408124066,0.010436819091945718,0.006107654721417388,0.017417782855636856,0.020312727467319904,0.011274780057438285,0.004761777621339119,0.008894358496694246,0.004366083789457878
2400.2400240024003,0.942,0.967,2.3767929552338295e-05,0.02306390400451566,0.06714650157417096,0.035958105657813835,1.4827515685969848,0.0017621628052526372,0.6143351342895258,4.735431006336028e-06,0.010099140480426903,0.09097799969410898,0.05659937548914341,1.490340274961331,-0.00812989977465782,1.1869493068965005,1.5033524753829133e-05,0.015229456241845457,0.19779828104382696,0.016359777684711665,1.491834732898329,0.0035868400968461717,1.8570372479130874,6.329077847320818e-06,0.011419859941418541,0.24508698398177273,0.01428648027752158,1.4663143330387343,0.0006591596411926037,2.931512054926724,3.2750328000349656e-05,0.03210194637200156,0.33417341934288664,0.04005968554603061,1.483269764798621,0.0022775095959607456,3.8017659454245485,7.84396577192521e-06,0.015141169927020191,0.4325814568277936,0.018565326741911133,1.4919988098819188,-0.013248189771650768,2.4564810612435313,0.04957382951359143,0.022734693307560318,0.01224649479118463,0.010266267840146734,0.0061955081462155,0.017466149758183155,0.02028643044181554,0.01089711290350067,0.004811532048754181,0.009882536124626095,0.003696217994894946
2500.2500250025005,0.942,0.967,2.3767929552338295e-05,0.02306390400451566,0.06714700241997285,0.04319758215230495,1.4855566114603787,0.0017927345219386757,0.7373232696339596,4.735431006336028e-06,0.010099140480426903,0.09097276728230363,0.02832381547743905,1.4775768833234915,-0.007689509120453397,1.8063492633928053,1.5033524753829133e-05,0.015229456241845457,0.1977823659680346,0.020098736753299686,1.4912236629088798,-0.0007383626356747369,2.11364207452163,6.329077847320818e-06,0.011419859941418541,0.24514907045364373,0.01488471957589886,1.4691522166623738,0.012232953990937214,3.010658175131665,3.2750328000349656e-05,0.03210194637200156,0.3342108746292899,0.03734634428823129,1.4840395426862272,0.002284100997794055,3.935813899071689,7.84396577192521e-06,0.015141169927020191,0.43236631243995416,0.029354018455133215,1.4884378217957837,-0.014854806450310728,2.696546028579032,0.049457539190422985,0.0227396233388315,0.012281650025982872,0.010002561431075807,0.00623885414544334,0.017620428542652708,0.02043012386477579,0.009811328740174758,0.006029124459219708,0.009657953811957026,0.0035290083142957007
2600.2600260026006,0.942,0.967,2.3767929552338295e-05,0.02306390400451566,0.0671462152371275,0.045248844363024586,1.4860594579153295,-0.0009215033958360876,0.984846940429823,4.735431006336028e-06,0.010099140480426903,0.09097975862772234,0.011488780556987946,1.4752345561973579,0.004801144550760976,6.25211668456101,1.5033524753829133e-05,0.015229456241845457,0.1977891555877838,0.023111423838407977,1.4882857990017853,-0.0037318788031273664,2.310953252144861,6.329077847320818e-06,0.011419859941418541,0.24512173871940948,0.016199724486721058,1.4784413899325732,0.019886221858457186,2.9916029827831796,3.2750328000349656e-05,0.03210194637200156,0.3341844403245177,0.03405047922271032,1.4845927497930755,0.0021547398052352684,4.047737629701531,7.84396577192521e-06,0.015141169927020191,0.4324657898895936,0.03772778724445092,1.484628257230553,-0.015377905219948454,2.944048808974756,0.04942058805454239,0.022741804437749542,0.012305403983520655,0.00974990477485238,0.006292416355754948,0.017670360914271106,0.020638773443080773,0.008766649518011167,0.007387943651966537,0.009085623052620992,0.003541598388862921
2700.2700270027003,0.942,0.967,2.3767929552338295e-05,0.02306390400451566,0.06714704043950555,0.04002902502088294,1.483469292797915,-0.002017450184205781,1.1854175156268756,4.735431006336028e-06,0.010099140480426903,0.09097213654969319,0.04615306234589832,1.4866869061000678,0.00996823790056117,0.3683728145586027,1.5033524753829133e-05,0.015229456241845457,0.19778136811344416,0.02641999032085778,1.4842677183284674,-0.004210506615321129,2.5117443103679236,6.329077847320818e-06,0.011419859941418541,0.2451507009544382,0.01804407710531913,1.4905508270133379,0.020439124663749045,3.0627520744775385,3.2750328000349656e-05,0.03210194637200156,0.3341927604184212,0.030569426071545638,1.4850209020550023,0.0020568288055651685,4.13653814926827,7.84396577192521e-06,0.015141169927020191,0.43239574579251655,0.04381351384778094,1.480825523634829,-0.014882470367926663,3.162889084360751,0.04952369575370151,0.02274642950807615,0.012353987224534681,0.009614430996733647,0.0063208359908060174,0.017536516605849515,0.020786847756379255,0.008450332155276956,0.007893194168392348,0.00883709560638016,0.003556226067272794
2800.2800280028005,0.942,0.967,2.3767929552338295e-05,0.02306390400451566,0.06714594999768585,0.03461883804351392,1.481780309873656,0.0003092286592130228,1.1815291064704994,4.735431006336028e-06,0.010099140480426903,0.09098142635888418,0.06378921156706699,1.4941455185260706,-0.00016274449392260606,1.0224984559974217,1.5033524753829133e-05,0.015229456241845457,0.1978071667905021,0.028719305127350662,1.4809023950950924,-0.0020385754341880405,2.69240954478804,6.329077847320818e-06,0.011419859941418541,0.24506717911284412,0.018891040654790015,1.5007193767581466,0.013640689425882119,3.0895555551984692,3.2750328000349656e-05,0.03210194637200156,0.33420709691615086,0.027156018575968926,1.4854966209222638,0.0020146761025701065,4.201059219365673,7.84396577192521e-06,0.015141169927020191,0.43232175391481875,0.048625823478239655,1.4772050523927156,-0.013397013618174768,3.3693116465370974,0.04961504591899446,0.022746348697678272,0.012394695613398603,0.009616840539374172,0.006305230102822579,0.01741913968950403,0.020912160863844568,0.008526596789780353,0.007553487522930011,0.009141921665036279,0.0034808790774032428
2900.2900290029,0.942,0.967,2.3767929552338295e-05,0.02306390400451566,0.06714700994941541,0.03798844371949485,1.4836036884368966,0.002472548728016912,1.1031057141418206,4.735431006336028e-06,0.010099140480426903,0.09097211889993899,0.05619477940203601,1.4859193129465706,-0.009702447043990417,1.7011271840990512,1.5033524753829133e-05,0.015229456241845457,0.19777977000092753,0.030939600298266205,1.4796541389982787,0.0017767515732870286,2.8632185511133628,6.329077847320818e-06,0.011419859941418541,0.24517615306156637,0.02060020825511848,1.5049195001872318,0.002240980131576205,3.1534735961683635,3.2750328000349656e-05,0.03210194637200156,0.3342074018030917,0.023649670286833503,1.4861355637316784,0.0019353990851679807,4.232456336707042,7.84396577192521e-06,0.015141169927020191,0.43227559288633577,0.05236378058566922,1.4740085041856006,-0.011062060448352716,3.57133146367782,0.049574764491682265,0.022752515855246454,0.012383279494671572,0.009718844757193201,0.0062154206702911274,0.017474786832524857,0.020687772117021587,0.009281110745399737,0.006500344173448389,0.00971919914297691,0.003386338312835635
3000.3000300030008,0.942,0.967,2.3767929552338295e-05,0.02306390400451566,0.06714608069270438,0.045152450204136704,1.4860664775113182,0.0011617145652316494,1.2336988863334568,4.735431006336028e-06,0.010099140480426903,0.09098045670323367,0.028168769612858992,1.4746679397682398,-0.0038380890617537543,2.2854700503246193,1.5033524753829133e-05,0.015229456241845457,0.19778774991184708,0.0322337396565829,1.4810392214918109,0.005599114802879306,3.026832316696968,6.329077847320818e-06,0.011419859941418541,0.24513536745889683,0.02166087298237445,1.5016143885423985,-0.009185770259584905,3.19025957235309,3.2750328000349656e-05,0.03210194637200156,0.33420553382669665,0.02049188725168619,1.4869156394136571,0.0016280513680667847,4.21248897465696,7.84396577192521e-06,0.015141169927020191,0.4322992878643427,0.05527777727264388,1.471529454277283,-0.00798800858013395,3.7778586388441506,0.049452925670562975,0.02275345988003776,0.012373383753254035,0.009889882152098628,0.006094639162194215,0.01763757189561515,0.020246355182674005,0.010385128719829112,0.005272393220219633,0.0101356329245067,0.0034134156233335267
3100.3100310031004,0.942,0.967,2.3767929552338295e-05,0.02306390400451566,0.06714687628581084,0.04691585366305013,1.4852006259830104,-0.001606576782188363,1.4830386389209043,4.735431006336028e-06,0.010099140480426903,0.09097275113411199,0.01460063150042639,1.4779417909371926,0.008642691110586626,0.5575863517239545,1.5033524753829133e-05,0.015229456241845457,0.19778252700115828,0.03360330657403372,1.484521629597867,0.007900174830992635,3.18216742990836,6.329077847320818e-06,0.011419859941418541,0.24514902400939834,0.024317787584460588,1.4922569109622872,-0.01616090135875031,3.2276581044509673,3.2750328000349656e-05,0.03210194637200156,0.33419354426156084,0.01798121382562319,1.4876942446792412,0.000924692275434037,4.131169758123001,7.84396577192521e-06,0.015141169927020191,0.4323995074170449,0.057251427189403736,1.4699728099287326,-0.0042954574496950485,3.9960744370361247,0.04942840829016077,0.022756114751392904,0.0124112000263688,0.010073718995204026,0.005985883663834367,0.017672210631143857,0.020210513271274343,0.010774162612804956,0.005127879424656079,0.009299893059976744,0.004015959921448647
3200.3200320032006,0.942,0.967,2.3767929552338295e-05,0.02306390400451566,0.0671458105314965,0.04184802448219926,1.4822344327706811,-0.0013550072043299398,1.6735271937037277,4.735431006336028e-06,0.010099140480426903,0.09098283515131236,0.048637935319833854,1.4904637878598075,0.008119151931810963,0.8940848150752743,1.5033524753829133e-05,0.015229456241845457,0.19779405006215992,0.033797691715235306,1.488790869454639,0.007800978949178731,3.32458975598069,6.329077847320818e-06,0.011419859941418541,0.24511164100063368,0.026631114514178152,1.4808101392121862,-0.01602681880650754,3.3431190121583434,3.2750328000349656e-05,0.03210194637200156,0.3341709488357265,0.016920391315164037,1.488238833510339,-0.00021142425154471883,3.982380039998883,7.84396577192521e-06,0.015141169927020191,0.4325441296618566,0.057860598540330384,1.4694685389070896,-0.00023565466382285556,4.23300041452179,0.04952956357517657,0.022755087497060605,0.012460742010350936,0.010140743200345904,0.005890326054978921,0.01754188239561383,0.020526543699210874,0.01064329335634961,0.005489061231513108,0.00810904334104218,0.004761621947060802
3300.3300330033003,0.942,0.967,2.3767929552338295e-05,0.02306390400451566,0.06714716992784985,0.036742716163936325,1.4816271072007168,0.0016270048041036901,1.661661238971603,4.735431006336028e-06,0.010099140480426903,0.0909703030613009,0.0651822811530649,1.492735074887139,-0.0041612148459449745,1.554585618969048,1.5033524753829133e-05,0.015229456241845457,0.1977797855572227,0.034262280703008546,1.4923193354704598,0.005329422844354265,3.4575318761630616,6.329077847320818e-06,0.011419859941418541,0.2452170730465014,0.028312206673966823,1.4720355422319653,-0.009006554377388615,3.4265304572947373,3.2750328000349656e-05,0.03210194637200156,0.33413836068782116,0.017753243972742448,1.4882969619680624,-0.0016621877475962576,3.8262140067533084,7.84396577192521e-06,0.015141169927020191,0.43267355335266355,0.05652734638011781,1.470113099484145,0.0038772026703592965,4.493172376374728,0.049630065826226595,0.02275744907757643,0.012533002906676981,0.01001306371235679,0.0058155388082167005,0.0174130753732857,0.020974651881869873,0.0102078898373475,0.0060104532911529045,0.00698889332397178,0.005448177491884539
3400.3400340034004,0.942,0.967,2.3767929552338295e-05,0.02306390400451566,0.06714584920950945,0.04035400290055498,1.484216664196745,0.0029792484786493804,1.602514503752249,4.735431006336028e-06,0.010099140480426903,0.09098237464345942,0.0577342709844313,1.481175230608008,-0.009047557363231474,2.2058802558851873,1.5033524753829133e-05,0.015229456241845457,0.1977868684104635,0.03377161288503939,1.4938659160441028,0.0013370576733178383,3.58118411541799,6.329077847320818e-06,0.011419859941418541,0.245132538193107,0.029554010175323272,1.4695579552933185,0.0019324404943317419,3.562381409972078,3.2750328000349656e-05,0.03210194637200156,0.3341654174788972,0.020482098526125515,1.4877237818615863,-0.0031616914289448643,3.7418767492125697,7.84396577192521e-06,0.015141169927020191,0.4326089930005922,0.05224253912994061,1.4718251766426893,0.007663894899162738,4.777242104380879,0.04957789946340817,0.022755873590867975,0.012690371427555424,0.009700671471066773,0.005747557394479475,0.01748525728955517,0.021156572854219267,0.009756297397934236,0.006507685539469309,0.00640978627730588,0.005747557394479475
3500.3500350035006,0.942,0.967,2.3767929552338295e-05,0.02306390400451566,0.06714721544030086,0.047626986602484885,1.4859399073181339,0.0008906342760870282,1.7435784301491868,4.735431006336028e-06,0.010099140480426903,0.09097127617562681,0.027358078057093994,1.473798311899476,0.0013023855793061851,2.71659994400661,1.5033524753829133e-05,0.015229456241845457,0.19778334723830757,0.033990453749837383,1.4929426839256494,-0.0026827938771035397,3.680577681407703,6.329077847320818e-06,0.011419859941418541,0.2451584834158173,0.030041729196987745,1.4744450357993935,0.012089244841014457,3.6540966798948737,3.2750328000349656e-05,0.03210194637200156,0.3342006058691332,0.023527871328692374,1.4864906695819615,-0.004339589337676178,3.7670744430927727,7.84396577192521e-06,0.015141169927020191,0.43236756112084107,0.04489562228595944,1.474577280823428,0.010668634196167103,5.0539828391772454,0.04945568827728083,0.022756616563412158,0.012902215885929623,0.00925179566372203,0.005776552875576578,0.017649113302766042,0.021246871802959793,0.008949948990646103,0.007513762481966616,0.00596855212613173,0.005776552875576578
3600.3600360036007,0.942,0.967,2.3767929552338295e-05,0.02306390400451566,0.06714597307838328,0.04925234837628083,1.4841910572652428,-0.0011029383334209917,1.9835301855944785,4.735431006336028e-06,0.010099140480426903,0.09098107479959072,0.01690453497725633,1.4820541334609094,0.011076173932860266,1.0902626256536614,1.5033524753829133e-05,0.015229456241845457,0.19778432399340315,0.03334563402365523,1.4900873443160285,-0.005234132375857362,3.7976249979777092,6.329077847320818e-06,0.011419859941418541,0.24514206993961304,0.03154133261295594,1.4846989903437744,0.01714575735601003,3.753457443790299,3.2750328000349656e-05,0.03210194637200156,0.3341953409772237,0.026135878737463113,1.4847949980246304,-0.004919656561943998,3.8280082118440295,7.84396577192521e-06,0.015141169927020191,0.4323722442782781,0.03753638396001064,1.478087335509743,0.012690848461517761,5.328997839814466,0.04942747464140482,0.02275551500111655,0.013120052943410242,0.008738187610374686,0.005880177321494778,0.01768916101777684,0.021434671032767333,0.008309459467331193,0.008239028929799748,0.005578097705460374,0.005866217506046178
3700.3700370037004,0.942,0.967,2.3767929552338295e-05,0.02306390400451566,0.06714770869656328,0.04378453163790224,1.4818009669379204,0.0004285346017999676,2.1614561365162075,4.735431006336028e-06,0.010099140480426903,0.09096673203923655,0.05112569242297498,1.4933174266277585,0.005093029218980082,1.4509042581198077,1.5033524753829133e-05,0.015229456241845457,0.19778285400610238,0.033269908060666445,1.4866856658877516,-0.005491091991987426,3.8772717447094904,6.329077847320818e-06,0.011419859941418541,0.24518888511171638,0.03124123625182064,1.496108225770308,0.01485159924349341,3.8703590226689992,3.2750328000349656e-05,0.03210194637200156,0.33419372101065614,0.0281998241191457,1.4829613859732291,-0.004747206611373542,3.9134196872437044,7.84396577192521e-06,0.015141169927020191,0.43231089168385667,0.030229651680232103,1.4820300305507816,0.013593225436939502,5.631265320053142,0.04955065842120981,0.022755569208753344,0.013299781555537175,0.008251780388878065,0.006032078947254037,0.01753003491634821,0.021640156503094657,0.007950635934231776,0.00792405217476562,0.006961219355222964,0.005074594453894792
